,surname,first.name,name,state,county,surname.name.upper,first.name.upper,first_name_counts,surname_counts,pred.whi,pred.bla,pred.his,pred.asi,pred.oth
1,McDowell,Simms,G. Simms McDowell III,sc,19,MCDOWELL,SIMMS,1,6,0.679835307,0.267318343,0.023970317,0.005184093,0.023691941
2,Neville,Irish,Irish Neville,sc,19,NEVILLE,IRISH,1,3,0.833760455,0.11865589,0.022669625,0.007551173,0.017362857
3,Richardson,Allsbrook,A Allsbrook Richardson,sc,33,RICHARDSON,ALLSBROOK,1,23,0.404912047,0.51325155,0.01242151,0.000885013,0.06852988
4,Temple,Hood,E. Hood Temple,sc,41,TEMPLE,HOOD,1,2,0.727254241,0.23340871,0.010686923,0.008632248,0.020017878
5,Reid,Hunt,T. Hunt Reid (Hunter),sc,45,REID,HUNT,1,6,0.688014519,0.230545225,0.043576397,0.009747732,0.028116128
6,Howard,Milford,Milford O. Howard III.,sc,45,HOWARD,MILFORD,1,27,0.725539946,0.195605357,0.03867253,0.007838771,0.032343397
7,Furr,Fayrell,Fayrell Furr Jr.,sc,51,FURR,FAYRELL,1,1,0.91666394,0.034646028,0.02381036,0.002913688,0.021965984
8,Myers,Govan,Govan T. Myers III.,sc,57,MYERS,GOVAN,1,25,0.876971094,0.08596952,0.01733296,0.00241183,0.017314595
9,Riddle,Dayton,C. Dayton Riddle III,sc,63,RIDDLE,DAYTON,1,3,0.920279661,0.026032485,0.01989108,0.005094678,0.028702097
10,Kinard,Murry,Murry Kinard,sc,63,KINARD,MURRY,1,1,0.790587712,0.154991318,0.021583821,0.00449156,0.02834559
11,Reynolds,Talmadge,Talmadge C. Reynolds,sc,63,REYNOLDS,TALMADGE,3,15,0.883723379,0.061051656,0.024151065,0.005226831,0.025847069
12,Nicholson,,J. C. Nicholson III,sc,79,NICHOLSON,,NA,7,0.572900925,0.355798661,0.026347824,0.010322951,0.034629639
13,Andrews,Jones,Jones Andrews,sc,79,ANDREWS,JONES,1,10,0.541616792,0.377508354,0.026070524,0.014581772,0.040222559
14,Saunders,Swepson,Swepson Harrison Saunders VI.,sc,79,SAUNDERS,SWEPSON,1,5,0.487585897,0.438142429,0.025485018,0.010217804,0.038568851
15,Haselden,Alford,Alford Haselden,sc,91,HASELDEN,ALFORD,1,1,0.97936442,0.001399089,0.001796727,0.002411078,0.015028687
16,Villarreal,Adriel,Adriel B. Villarreal,mn,3,VILLARREAL,ADRIEL,1,4,0.084029161,0.002484434,0.907797291,0.002319789,0.003369325
17,Hage,Tristam,Tristam O. Hage,mn,3,HAGE,TRISTAM,1,1,0.933057968,0.019752825,0.02366078,0.008265626,0.015262801
18,Karan,Bradlee,Bradlee Karan,mn,3,KARAN,BRADLEE,1,1,0.583441695,0.038821027,0.014647235,0.295870776,0.067219267
19,Wambach,,A J Wambach,mn,29,WAMBACH,,NA,1,0.86732712,0.001516909,0.006525463,0.000291255,0.124339254
20,Neill,,Neill J. O Neill,mn,37,NEILL,,NA,15,0.926148446,0.009141581,0.037356352,0.007637952,0.019715668
21,Test,,Test Test,mn,37,TEST,,NA,1,0.902976869,0.007217817,0.048969853,0.016532498,0.024302963
22,Blaschko,Ronan,"Ronan R. Blaschko, Esq.",mn,37,BLASCHKO,RONAN,1,1,0.986718654,0,0,0.00735137,0.005929975
23,Pearson,Carli,Carli D. Pearson,mn,53,PEARSON,CARLI,1,11,0.514804652,0.42694471,0.026438753,0.007132832,0.024679053
24,Chrastil,Rockford,Rockford R. Chrastil,mn,53,CHRASTIL,ROCKFORD,1,1,0.962928767,0,0.017830012,0.019241221,0
25,Robichaud,,B.j. Robichaud,mn,53,ROBICHAUD,,NA,1,0.938243254,0.005708796,0.022768677,0.013418081,0.019861192
26,Saville,Derric,Derric J Saville,mn,53,SAVILLE,DERRIC,2,1,0.893831718,0.039173234,0.0462383,0.005346211,0.015410538
27,Howland,Grim,Grim Howland,mn,53,HOWLAND,GRIM,1,4,0.858070051,0.069064631,0.03789513,0.007813168,0.027157021
28,Ward,Lateesa,Lateesa T. Ward,mn,53,WARD,LATEESA,1,21,0.565230168,0.36772232,0.030181088,0.006540669,0.030325755
29,Meara,Shamus,Shamus P. O Meara,mn,53,MEARA,SHAMUS,1,2,0.930308919,0.013481612,0.03339763,0.009053565,0.013758275
30,Sparby,Delray,Delray L. Sparby,mn,89,SPARBY,DELRAY,1,1,0.978427457,0.000223661,0.014949351,0.000201723,0.006197808
31,Heim,Tedman,Tedman J. Heim,mn,109,HEIM,TEDMAN,1,2,0.924771933,0.030198243,0.022433801,0.008342013,0.014254011
32,Anderson,Chirstopher,Chirstopher J. Anderson,mn,111,ANDERSON,CHIRSTOPHER,1,63,0.93928346,0.030119207,0.01474173,0.000844132,0.015011471
33,Pegg,,J C Pegg,mn,147,PEGG,,NA,1,0.956098062,0.011604631,0.019354264,0.000892206,0.012050837
34,Anderson,Warrenn,Warrenn C. Anderson,mn,149,ANDERSON,WARRENN,1,63,0.921033692,0.03188033,0.019857407,0.002522264,0.024706307
35,Engel,Kalene,Kalene M. Engel,mn,169,ENGEL,KALENE,1,4,0.979577151,0.000587771,0.010976597,0.002811626,0.006046856
36,Triche,Risley,Risley C. Triche,la,7,TRICHE,RISLEY,1,1,0.744105844,0.223743176,0.018241969,0.000858118,0.013050893
37,Hood,,F. Q. Hood Jr.,la,15,HOOD,,NA,6,0.807645479,0.124767523,0.029287286,0.005476071,0.03282364
38,Thompson,Dhu,Dhu Thompson,la,15,THOMPSON,DHU,1,46,0.772786319,0.148156478,0.033975982,0.006096641,0.03898458
39,Greer,Broocks,Broocks Greer,la,15,GREER,BROOCKS,1,8,0.803211893,0.132662939,0.031862685,0.005185726,0.027076757
40,Keene,Ransdell,J Ransdell Keene,la,15,KEENE,RANSDELL,1,4,0.878753677,0.048898956,0.033687641,0.005779574,0.032880152
41,Jack,Wellborn,Wellborn Jack Jr.,la,15,JACK,WELLBORN,1,2,0.671289259,0.184478674,0.036392616,0.021285545,0.086553906
42,Huckabay,Pugh,Pugh T. Huckabay III,la,15,HUCKABAY,PUGH,1,1,0.913114848,0.002824064,0.0421769,0.004805398,0.037078789
43,Brown,Somer,Somer G. Brown,la,19,BROWN,SOMER,1,106,0.666385525,0.275695899,0.015221962,0.003601995,0.039094619
44,Saunders,Jaci,Jaci N. Saunders,la,33,SAUNDERS,JACI,1,5,0.55159682,0.389528457,0.023984458,0.010781693,0.024108572
45,Reynolds,Aidan,Aidan Cyril Reynolds,la,33,REYNOLDS,AIDAN,1,15,0.726953253,0.215791971,0.02456751,0.010774122,0.021913144
46,Shamlin,Gwynn,Gwynn Lance Shamlin Jr.,la,33,SHAMLIN,GWYNN,1,1,0.348182046,0.59203094,0.03371841,0.018789491,0.007279113
47,Dixon,Cazeline,Cazeline Herbert Dixon,la,33,DIXON,CAZELINE,1,10,0.408647753,0.538814641,0.02097737,0.007485204,0.024075032
48,Hales,Myrt,Myrt T Hales JR,la,41,HALES,MYRT,1,1,0.897170918,0.089493609,0.004637292,0.000869593,0.007828588
49,Goff,Addison,Addison Kennon Goff III,la,49,GOFF,ADDISON,1,4,0.912193229,0.067810378,0.006838277,0.00059511,0.012563006
50,Rose,Crawford,Crawford Allen Rose III,la,51,ROSE,CRAWFORD,1,16,0.774176423,0.095996271,0.087894468,0.018019065,0.023913773
51,Toups,Olden,Olden C Toups Jr.,la,51,TOUPS,OLDEN,1,1,0.907578749,0.013993681,0.051466011,0.009440679,0.01752088
52,Osborn,,R. A. Osborn Jr.,la,51,OSBORN,,NA,2,0.857567334,0.023864557,0.076214279,0.016745879,0.025607952
53,Dankner,Ruhama,Ruhama Dankner,la,51,DANKNER,RUHAMA,1,1,0.926784164,0,0.056052022,0,0.017163814
54,Smith,Dwazendra,Dwazendra J. Smith,la,55,SMITH,DWAZENDRA,1,184,0.767183449,0.180245749,0.021285279,0.004694977,0.026590546
55,Kay,Ped,Ped C. Kay III,la,55,KAY,PED,1,3,0.883360797,0.043791402,0.020966612,0.03106,0.020821189
56,Kenneth,,Kenneth D. St. Pe,la,55,KENNETH,,NA,1,0.617889496,0.14040812,0.047461475,0.045725634,0.148515275
57,Hoggatt,Holden,Holden Hoggatt,la,55,HOGGATT,HOLDEN,1,1,0.897397782,0.04927104,0.021126192,0.008678574,0.023526412
58,Stanford,Reardon,D. Reardon Stanford,la,55,STANFORD,REARDON,1,4,0.770226563,0.179526346,0.021087529,0.005440917,0.023718645
59,Linscomb,Shiela,Shiela J Linscomb,la,55,LINSCOMB,SHIELA,1,1,0.709474044,0.222921914,0.026197878,0.004208392,0.037197771
60,Banks,Bowdre,A. Bowdre Banks Jr.,la,71,BANKS,BOWDRE,1,7,0.154243031,0.793781459,0.023547667,0.005201865,0.023225978
61,Jones,Gladstone,Gladstone N. Jones III.,la,71,JONES,GLADSTONE,1,77,0.261147215,0.675056599,0.026515367,0.00765931,0.029621509
62,Coss,Irvy,Irvy E. Coss Jr.,la,71,COSS,IRVY,1,2,0.343217289,0.021713047,0.611756423,0.008079489,0.015233753
63,Hardin,Allain,Allain F. Hardin,la,71,HARDIN,ALLAIN,1,5,0.515643062,0.393818375,0.034927821,0.014165627,0.041445115
64,Hands,Iliaura,Iliaura Hands,la,71,HANDS,ILIAURA,1,1,0.313533741,0.579297381,0.076317936,0.007883382,0.02296756
65,Rome,Perrin,C. Perrin Rome III.,la,71,ROME,PERRIN,2,2,0.452970079,0.44220698,0.05255987,0.027396117,0.024866954
66,Rito,Kat,Kat A. Rito,la,71,RITO,KAT,1,1,0.332725256,0.00584163,0.546475632,0.096243781,0.0187137
67,Hammond,Peirce,Peirce A. Hammond II,la,71,HAMMOND,PEIRCE,1,8,0.519665451,0.396265878,0.035598507,0.015640205,0.03282996
68,Gelpi,Beauregard,G. Beauregard Gelpi,la,71,GELPI,BEAUREGARD,1,1,0.27378537,0.017461081,0.690785415,0.012211829,0.005756305
69,Donahue,Roshawn,Roshawn Husband Donahue,la,71,DONAHUE,ROSHAWN,1,6,0.810291936,0.09693955,0.0446586,0.016462157,0.031647756
70,Zeringue,Zara,Zara Zeringue,la,103,ZERINGUE,ZARA,1,1,0.975722348,0.006502023,0.011249608,0.000876072,0.005649948
71,Barranger,Garic,Garic Kenneth Barranger,la,103,BARRANGER,GARIC,1,1,0.984585518,0.002405026,0.007477472,0.005531984,0
72,Peek,Jule,Jule W. Peek Jr.,ga,15,PEEK,JULE,1,1,0.939191634,0.026199748,0.015184201,0.000811197,0.01861322
73,Cox,Raymon,Raymon H. Cox,ga,15,COX,RAYMON,1,21,0.9325425,0.031828196,0.016071582,0.000917154,0.018640568
74,Stone,Kice,Kice H. Stone,ga,21,STONE,KICE,1,21,0.788851333,0.171099224,0.009322307,0.00399378,0.026733356
75,Almand,Hale,O. Hale Almand Jr.,ga,21,ALMAND,HALE,2,1,0.924382332,0.042684753,0.013030164,0.004398336,0.015504415
76,Powell,,J. A. Powell Jr.,ga,21,POWELL,,NA,24,0.502920517,0.465401714,0.007347139,0.002304673,0.022025957
77,Gautreaux,Jarome,Jarome Emile Gautreaux,ga,21,GAUTREAUX,JAROME,1,1,0.895725255,0.053234287,0.028226531,0.002702943,0.020110984
78,Balbo,,"A. J. Balbo, Esq.",ga,29,BALBO,,NA,1,0.960182858,0,0.031425135,0.002410221,0.005981786
79,Franklin,Lehman,H Lehman Franklin Jr.,ga,31,FRANKLIN,LEHMAN,1,7,0.616909767,0.340424184,0.010243516,0.002423879,0.029998654
80,Perkins,AnnMargaret,Ann-Margaret Perkins,ga,45,PERKINS,ANNMARGARET,1,9,0.819462457,0.133153097,0.014974872,0.001134494,0.031275081
81,Phillips,Kierston,Kierston Phillips,ga,45,PHILLIPS,KIERSTON,1,28,0.864468947,0.088371469,0.014728498,0.001186064,0.031245022
82,Wiggins,Renzo,Renzo Sam Wiggins,ga,47,WIGGINS,RENZO,1,6,0.93465341,0.028896611,0.006273992,0.001290802,0.028885184
83,Boykin,Noble,Noble Louis Boykin Jr.,ga,51,BOYKIN,NOBLE,1,1,0.355697554,0.600221989,0.012011207,0.002343981,0.029725268
84,Wilson,,L. Ty Wilson,ga,51,WILSON,,NA,58,0.602636764,0.341055593,0.015940712,0.004433815,0.035933116
85,Morrow,Jordon,Jordon Dean Morrow,ga,51,MORROW,JORDON,1,5,0.749337636,0.202616957,0.013773831,0.004030684,0.030240892
86,Dixon,,B. J. Dixon,ga,63,DIXON,,NA,10,0.127920768,0.794931025,0.036052266,0.006124601,0.03497134
87,Wright,Murble,Murble Anita Wright,ga,63,WRIGHT,MURBLE,1,32,0.194295584,0.715790206,0.042789868,0.009096519,0.038027823
88,Mazloom,Mazi,Mazi Mazloom,ga,67,MAZLOOM,MAZI,1,1,0.769700249,0,0.065842754,0.080789982,0.083667015
89,Dupree,Hylton,"Hylton B. Dupree Jr.,, P.C.",ga,67,DUPREE,HYLTON,1,3,0.534424471,0.380539528,0.036352887,0.003768543,0.044914571
90,Hughes,Hil,Hil Hughes,ga,67,HUGHES,HIL,1,19,0.79440632,0.131874224,0.034551827,0.006860257,0.032307372
91,Wise,Kyler,Kyler L. Wise,ga,67,WISE,KYLER,1,4,0.795206759,0.126871976,0.033224678,0.007941602,0.036754985
92,Adele,Chiaka,Chiaka Uzoma Adele,ga,67,ADELE,CHIAKA,1,1,0.681483736,0.25136505,0.067151214,0,0
93,Hudson,Ike,Ike A Hudson,ga,77,HUDSON,IKE,2,10,0.809348861,0.144915923,0.015484804,0.002001916,0.028248497
94,Saadiq,Abdulhakim,Abdulhakim Saadiq,ga,89,SAADIQ,ABDULHAKIM,1,1,0.001382983,0.767078759,0.075834133,0.098468861,0.057235265
95,Wright,Angelyn,Angelyn M. Wright,ga,89,WRIGHT,ANGELYN,1,32,0.377722941,0.549728354,0.028649348,0.008710995,0.035188362
96,Cruz,Rub,Rub J. Cruz,ga,89,CRUZ,RUB,1,5,0.024492273,0.012856369,0.880407765,0.07315702,0.009086574
97,Shuman,Elleen,Elleen J. Shuman,ga,89,SHUMAN,ELLEEN,1,2,0.714606071,0.174806698,0.03248599,0.048368111,0.029733131
98,Duerr,Finn,Finn F. Duerr,ga,89,DUERR,FINN,1,1,0.90301398,0.003043082,0.022964312,0.037649154,0.033329471
99,Mildenhall,Briant,Briant Glen Mildenhall,ga,89,MILDENHALL,BRIANT,1,1,0.899969884,0.061617736,0.03841238,0,0
100,Baig,Khurram,M. Khurram Baig,ga,89,BAIG,KHURRAM,1,2,0.027792343,0.00822486,0.016759588,0.915666448,0.031556761
101,Omole,Yinka,Yinka T. Omole,ga,89,OMOLE,YINKA,1,1,0.001619694,0.978822726,0.003425218,0,0.016132363
102,Johnson,Mereda,Mereda D. Johnson,ga,89,JOHNSON,MEREDA,1,154,0.310429742,0.618407115,0.026272383,0.008458163,0.036432597
103,Mabry,Speer,E. Speer Mabry,ga,89,MABRY,SPEER,1,2,0.404275503,0.530013409,0.031288765,0.005282804,0.029139519
104,Piraino,Tahira,Tahira Plunkett Piraino,ga,89,PIRAINO,TAHIRA,2,1,0.865062693,0.011283007,0.075613406,0.026665787,0.021375108
105,Harrington,Wilton,Wilton D. Harrington,ga,91,HARRINGTON,WILTON,2,10,0.868340702,0.110193312,0.008299432,0.000949162,0.012217393
106,Burt,Hilliard,Hilliard Pace Burt,ga,95,BURT,HILLIARD,1,1,0.528046638,0.443642456,0.007271369,0.001990175,0.019049361
107,Jones,Bethaney,Bethaney Embry Jones,ga,97,JONES,BETHANEY,1,77,0.462896739,0.475218373,0.020876278,0.001946804,0.039061806
108,Gammon,Wright,W. Wright Gammon Jr.,ga,115,GAMMON,WRIGHT,1,1,0.935109849,0.027467627,0.018901397,0.0024087,0.016112427
109,Reddy,,K. P. Reddy,ga,117,REDDY,,NA,2,0.231105816,0.001130833,0.007410947,0.745173398,0.015179005
110,Stone,Ryals,Ryals Drayton Stone,ga,121,STONE,RYALS,1,21,0.775696723,0.14534094,0.026398867,0.013752945,0.038810525
111,Crowther,Derric,Derric Crowther,ga,121,CROWTHER,DERRIC,2,2,0.83957485,0.095496145,0.028476464,0.019637379,0.016815162
112,McLeod,Kennedy,G. Kennedy McLeod,ga,121,MCLEOD,KENNEDY,2,1,0.554049492,0.377746727,0.023058489,0.00909379,0.036051502
113,Jordan,Garold,H. Garold Jordan,ga,121,JORDAN,GAROLD,2,14,0.460692443,0.456429582,0.037717511,0.009668494,0.035491969
114,Viers,Raye,Raye Ann Viers,ga,121,VIERS,RAYE,2,1,0.904678667,0.037242479,0.025960714,0.00836355,0.02375459
115,Okonkwo,Cyprian,Cyprian Tee Okonkwo,ga,121,OKONKWO,CYPRIAN,1,1,0.00858091,0.966006784,0.004653609,0.000542083,0.020216615
116,Wren,Taff,R. Taff Wren,ga,135,WREN,TAFF,1,2,0.706401234,0.162668059,0.064991503,0.0236612,0.042278003
117,Williams,Tuwanda,Tuwanda Rush Williams,ga,135,WILLIAMS,TUWANDA,1,99,0.429034107,0.432166754,0.067722079,0.017704934,0.053372125
118,Dean,Gibson,Gibson Dean II,ga,135,DEAN,GIBSON,2,15,0.700526996,0.148655093,0.069746976,0.03978149,0.041289446
119,Regan,StarBeth,Star-Beth Regan,ga,135,REGAN,STARBETH,1,3,0.855321452,0.016635253,0.069135866,0.034375623,0.024531805
120,Alioto,Justyn,Justyn Alioto,ga,135,ALIOTO,JUSTYN,1,2,0.848809556,0.005295738,0.096138581,0.015179297,0.034576828
121,Orr,Wycliffe,E. Wycliffe Orr Sr.,ga,139,ORR,WYCLIFFE,1,6,0.880070362,0.034504883,0.063446039,0.003486566,0.01849215
122,Brannon,Richardson,J. Richardson Brannon,ga,139,BRANNON,RICHARDSON,1,4,0.88054396,0.035070207,0.060534836,0.002693591,0.021157405
123,Smith,Harmon,Harmon T. Smith Jr.,ga,139,SMITH,HARMON,1,184,0.843363254,0.057065047,0.074297465,0.002878958,0.022395276
124,Dora,Tash,Tash Van Dora,ga,147,DORA,TASH,1,1,0.816012937,0.138598817,0.019554524,0.009140451,0.016693271
125,Harrell,Waymon,Waymon Steven Harrell,ga,153,HARRELL,WAYMON,1,3,0.688583638,0.260894149,0.013353058,0.002542705,0.03462645
126,Wilkerson,Rabb,T. Rabb Wilkerson III.,ga,153,WILKERSON,RABB,1,2,0.67460118,0.26610871,0.015093882,0.003272133,0.040924095
127,Bright,Converse,J. Converse Bright,ga,185,BRIGHT,CONVERSE,1,2,0.685205529,0.267103105,0.01186818,0.003857106,0.031966079
128,Dennis,Saleem,Saleem David Dennis,ga,185,DENNIS,SALEEM,1,7,0.633771657,0.317106127,0.015094074,0.002673787,0.031354356
129,Jarvis,,J. E. Jarvis Jr.,ga,185,JARVIS,,NA,3,0.846854185,0.109289032,0.014994059,0.002577443,0.026285282
130,Calhoun,Mccall,W. Mccall Calhoun Jr.,ga,261,CALHOUN,MCCALL,1,4,0.431212995,0.540213482,0.011746377,0.0018251,0.015002047
131,Mallory,Truitt,Truitt A. Mallory,ga,293,MALLORY,TRUITT,1,4,0.702179839,0.271601062,0.004875528,0.000527866,0.020815706
132,Sabharwal,Sunena,Sunena Sabharwal,ca,1,SABHARWAL,SUNENA,1,1,0.023148153,0,0.000589462,0.939277214,0.036985172
133,Henion,Dohn,Dohn R. Henion,ca,15,HENION,DOHN,1,1,0.948620348,0.006810661,0.004036116,0.000398401,0.040134474
134,McClendon,,W R McClendon III,ca,23,MCCLENDON,,NA,1,0.773362761,0.106274098,0.006421783,0.000651429,0.11328993
135,Stuart,Rissa,Rissa A. Stuart,ca,31,STUART,RISSA,1,5,0.800898734,0.124628122,0.044554029,0.002073008,0.027846106
136,Munter,Gavan,Gavan R Munter,ca,33,MUNTER,GAVAN,1,1,0.962921986,0.000554788,0.010307935,0.000569546,0.025645744
137,Wong,Alister,Alister Wong,ca,37,WONG,ALISTER,1,5,0.023443369,0.010989571,0.049414229,0.878108541,0.03804429
138,Su,Aihui,Aihui Su,ca,37,SU,AIHUI,1,1,0.015128643,0.002557267,0.024673959,0.941876351,0.01576378
139,Amer,,Al F. Amer,ca,37,AMER,,NA,1,0.67686001,0.059617226,0.049675098,0.15228898,0.061558686
140,Butterworth,Guerin,Guerin L Butterworth,ca,37,BUTTERWORTH,GUERIN,1,1,0.924003337,0.017858359,0.03546035,0.004979195,0.017698759
141,Innabi,Abdalla,Abdalla J Innabi,ca,37,INNABI,ABDALLA,1,1,0.711679787,0.007949749,0.154330314,0.080689094,0.045351056
142,Mardirossian,Garo,Garo Mardirossian,ca,37,MARDIROSSIAN,GARO,2,1,0.85725775,0.005549546,0.112918265,0.00405029,0.020224149
143,Brown,Delos,Delos E. Brown,ca,37,BROWN,DELOS,1,106,0.412342617,0.523079419,0.032881875,0.005469108,0.026226981
144,Balian,Nairie,Nairie A. Balian,ca,37,BALIAN,NAIRIE,1,1,0.851937849,0.003324084,0.100192972,0.009846929,0.034698166
145,Glover,JonRene,Jon-Rene M Glover,ca,37,GLOVER,JONRENE,1,2,0.358210626,0.587055443,0.027984474,0.005236361,0.021513096
146,Thai,Sinny,Sinny B. Thai,ca,37,THAI,SINNY,1,1,0.014948985,0.001176626,0.007129944,0.965943408,0.010801037
147,Neumann,Katheleen,Katheleen Marie Neumann,ca,37,NEUMANN,KATHELEEN,1,4,0.919716085,0.006811413,0.047679478,0.01052736,0.015265664
148,Solomon,Eskel,Eskel H Solomon,ca,37,SOLOMON,ESKEL,1,12,0.416964569,0.478078395,0.041649306,0.034011973,0.029295757
149,Groce,Ewin,Ewin P. Groce,ca,37,GROCE,EWIN,1,2,0.544893536,0.398469992,0.025888858,0.001998359,0.028749255
150,Barrett,Edmont,Edmont T. Barrett,ca,37,BARRETT,EDMONT,1,9,0.689623055,0.236459021,0.04152746,0.008628883,0.023761582
151,Okojie,Odion,Odion Leslie Okojie,ca,37,OKOJIE,ODION,1,1,0.004715358,0.981555661,0.00864701,0,0.00508197
152,Mansfield,Baden,Baden V. Mansfield,ca,37,MANSFIELD,BADEN,1,3,0.786027638,0.133079404,0.04730577,0.008321265,0.025265923
153,Malek,Sahar,"Sahar Malek, Esq.",ca,37,MALEK,SAHAR,1,1,0.807337807,0.039047693,0.037580316,0.086619003,0.029415181
154,Rastegar,Farzad,Farzad Rastegar,ca,37,RASTEGAR,FARZAD,1,1,0.816242354,0.014094251,0.012516428,0.02859813,0.128548838
155,Tashjian,Vatche,Vatche D. Tashjian,ca,37,TASHJIAN,VATCHE,1,1,0.940275177,0.003956725,0.02756964,0.002887783,0.025310675
156,Waxman,Tobie,Tobie B. Waxman,ca,37,WAXMAN,TOBIE,1,2,0.941451219,0.007672079,0.034424617,0.006336167,0.010115917
157,Rostami,Tanaz,Tanaz Rostami,ca,37,ROSTAMI,TANAZ,1,1,0.73834955,0.002363519,0.045301853,0.033781142,0.180203936
158,Lotfi,Neda,Neda L. Lotfi,ca,37,LOTFI,NEDA,1,1,0.756884748,0.023940442,0.059632711,0.024433415,0.135108683
159,Antico,Hale,Hale Andrew Antico,ca,37,ANTICO,HALE,2,1,0.877096711,0,0.113486343,0.005490563,0.003926384
160,Hakim,Sharona,"Sharona Hakim, Esq.",ca,37,HAKIM,SHARONA,1,2,0.492053664,0.202614945,0.030408019,0.20783019,0.067093182
161,Mizrahi,Ramit,Ramit Mizrahi,ca,37,MIZRAHI,RAMIT,1,1,0.795252794,0.001796271,0.173287138,0.009383953,0.020279844
162,Naziri,Vahid,Vahid Naziri,ca,37,NAZIRI,VAHID,1,1,0.681041899,0.034807694,0.030911042,0.025404106,0.227835259
163,Grigoryan,Tigran,Tigran Grigoryan,ca,37,GRIGORYAN,TIGRAN,1,1,0.951715322,0.001637375,0.011269076,0.001195025,0.034183202
164,Holtkamp,Yael,Yael E. Holtkamp,ca,37,HOLTKAMP,YAEL,1,1,0.958901208,0.004977163,0.026339469,0.003632541,0.00614962
165,Koshkaryan,Vahagn,Vahagn Koshkaryan,ca,37,KOSHKARYAN,VAHAGN,1,1,0.888448511,0,0.070259176,0,0.041292313
166,Stephens,Pano,Pano Stephens,ca,45,STEPHENS,PANO,1,9,0.929282322,0.015939221,0.011035765,0.000437487,0.043305204
167,Khalil,,"A. O. Khalil, Esq.",ca,59,KHALIL,,NA,1,0.783880668,0.012592231,0.024830407,0.127834624,0.05086207
168,Shah,Aman,Aman N. Shah,ca,59,SHAH,AMAN,1,3,0.029756293,0.001783646,0.004721592,0.94416841,0.01957006
169,Huang,Yuching,Yuching Huang,ca,59,HUANG,YUCHING,1,1,0.007317968,0.000204756,0.002646757,0.980736734,0.009093785
170,Snyder,Roshele,"Roshele I Snyder, Esq.",ca,59,SNYDER,ROSHELE,1,15,0.957657195,0.003402578,0.015906191,0.007457913,0.015576123
171,Desatnik,Colyn,Colyn B. Desatnik,ca,59,DESATNIK,COLYN,1,1,0.913333504,0,0.038734063,0.029487795,0.018444638
172,Serrano,JeanSimon,Jean-Simon Serrano,ca,65,SERRANO,JEANSIMON,1,2,0.047427923,0.006146545,0.931812978,0.011317804,0.00329475
173,Rangel,Lawya,Lawya Rangel,ca,65,RANGEL,LAWYA,1,2,0.049880716,0.002504329,0.943594554,0.001074689,0.002945711
174,Virdi,Nareshwar,"Mr. Nareshwar Singh Virdi, J.D., M.B.A., M.P.H., M.H.A.",ca,67,VIRDI,NARESHWAR,1,1,0.04864106,0.010500099,0.003547216,0.907774361,0.029537263
175,Airola,Tuesday,Tuesday Airola,ca,67,AIROLA,TUESDAY,1,1,0.932768987,0.011356627,0.034676099,0,0.021198287
176,Collins,Moseley,Moseley Collins,ca,67,COLLINS,MOSELEY,1,30,0.658409024,0.290311603,0.010800063,0.004240178,0.036239132
177,Culver,Jarel,Jarel G Culver,ca,67,CULVER,JAREL,1,2,0.79462053,0.154349581,0.012293239,0.004522126,0.034214525
178,Perlee,Kiersta,Kiersta D. Perlee,ca,67,PERLEE,KIERSTA,1,1,0.986648185,0,0.003548506,0,0.009803309
179,Parekh,Roopen,Roopen Parekh,ca,67,PAREKH,ROOPEN,1,1,0.028148907,0.005322826,0.002397592,0.927148201,0.036982475
180,Kostic,Ljubisa,Ljubisa Kostic,ca,73,KOSTIC,LJUBISA,1,1,0.968671772,0.002245121,0.007458849,0.004616407,0.01700785
181,Mazzarella,Daral,Daral B Mazzarella,ca,73,MAZZARELLA,DARAL,1,2,0.969841767,0.001604399,0.0206728,0.002175908,0.005705125
182,Dibello,Leeh,Leeh Dibello,ca,75,DIBELLO,LEEH,1,1,0.95520471,0.00541937,0.013613771,0.019386152,0.006375996
183,Au,Kammy,Kammy Wing-On Au,ca,75,AU,KAMMY,1,2,0.038462985,0.000835634,0.004383933,0.926425629,0.029891819
184,Langley,Kethleen,Kethleen Kirby Langley,ca,81,LANGLEY,KETHLEEN,1,3,0.881212041,0.051647612,0.016185626,0.009977963,0.040976757
185,Walsh,Kayleigh,Kayleigh R. Walsh,ca,81,WALSH,KAYLEIGH,1,22,0.950934444,0.004772283,0.014205475,0.012212394,0.017875404
186,Castro,Wilton,Wilton Castro,ca,85,CASTRO,WILTON,2,3,0.080659282,0.003408236,0.789093369,0.115101079,0.011738034
187,Wells,,J. D. Wells,ca,87,WELLS,,NA,15,0.929384976,0.025577192,0.017369073,0.001314163,0.026354597
188,Hogan,Marvan,Marvan J. Hogan,ca,89,HOGAN,MARVAN,1,10,0.958927471,0.011762295,0.00320118,0.000599988,0.025509066
189,McHatton,Dret,Dret A. McHatton,ca,89,MCHATTON,DRET,1,1,0.977893799,0.000190987,0.001808456,0,0.020106758
190,Parker,Banyan,Banyan Parker,ca,97,PARKER,BANYAN,1,26,0.910551647,0.047709637,0.011948481,0.00130151,0.028488724
191,Solorio,Esequiel,Esequiel Solorio,ca,99,SOLORIO,ESEQUIEL,1,1,0.034729909,0.00039292,0.961181204,0.001251096,0.002444871
192,Otoya,Romina,Romina Otoya,ca,99,OTOYA,ROMINA,1,1,0.056288245,0.001771828,0.929458939,0.008240653,0.004240336
193,Jacobs,Anzac,Anzac Jacobs,ca,111,JACOBS,ANZAC,1,28,0.878289,0.04456764,0.026303007,0.002943317,0.047897037
194,Brown,Ause,P. Ause Brown Jr.,fl,1,BROWN,AUSE,1,106,0.544411729,0.400723551,0.008040094,0.009623901,0.037200726
195,Allan,Sher,Sher L. Allan,fl,5,ALLAN,SHER,1,3,0.904130102,0.035157098,0.006402189,0.013557873,0.040752738
196,Camfield,Gray,Gray Marshburn Camfield,fl,9,CAMFIELD,GRAY,2,1,0.969791303,0.001952922,0.006625508,0.002667944,0.018962323
197,Trader,Rudi,J. Rudi Trader,fl,9,TRADER,RUDI,1,1,0.870517041,0.092192398,0.006945831,0.003297034,0.027047695
198,Rigdon,,H. A. Rigdon Jr.,fl,9,RIGDON,,NA,1,0.970187042,0.002475063,0.004099061,0.00298346,0.020255374
199,Brown,Bowen,J. Bowen Brown,fl,11,BROWN,BOWEN,1,106,0.390631576,0.541488529,0.025215441,0.006103246,0.036561208
200,Garcia,Inger,Inger Michelle Garcia,fl,11,GARCIA,INGER,1,13,0.036681979,0.006923223,0.93143386,0.017067361,0.007893577
201,Saavedra,Damaso,"Damaso W. Saavedra, Esq.",fl,11,SAAVEDRA,DAMASO,1,1,0.036979506,0.002463242,0.930337186,0.023619636,0.006600429
202,Smith,Myrielle,Myrielle Delores Smith,fl,11,SMITH,MYRIELLE,1,184,0.535573843,0.393911288,0.026911412,0.006705326,0.036898131
203,Hamilton,Vene,Vene Maretha Hamilton,fl,11,HAMILTON,VENE,1,21,0.527077042,0.401635451,0.027301929,0.007196903,0.036788674
204,Blake,Marlowe,Marlowe J. Blake,fl,11,BLAKE,MARLOWE,1,6,0.540046504,0.386402092,0.030170124,0.007539716,0.035841565
205,Montero,Hyram,Hyram M. Montero,fl,11,MONTERO,HYRAM,1,2,0.068427199,0.017672567,0.863579648,0.041713085,0.0086075
206,Middlebrooks,,Ed Middlebrooks,fl,11,MIDDLEBROOKS,,NA,2,0.243123237,0.715662271,0.012018159,0.001562337,0.027633997
207,Parnell,Ledford,Ledford A. Parnell,fl,11,PARNELL,LEDFORD,1,3,0.615485276,0.312635818,0.023749125,0.006390793,0.041738988
208,Bivens,Burnice,Burnice Bivens,fl,19,BIVENS,BURNICE,1,1,0.775694842,0.177633577,0.007440996,0.005125643,0.034104942
209,Dickman,Odelsa,Odelsa Dickman,fl,21,DICKMAN,ODELSA,1,2,0.9713552,0.001054651,0.019086488,0.001903387,0.006600275
210,Freeman,Yale,Yale T. Freeman,fl,21,FREEMAN,YALE,3,15,0.819437233,0.127551371,0.029208916,0.0025519,0.02125058
211,Buggs,Harrel,Harrel Tyrone Buggs,fl,31,BUGGS,HARREL,1,1,0.05862029,0.909651992,0.005688952,0.002863695,0.023175072
212,Liles,Rutledge,Rutledge R. Liles,fl,31,LILES,RUTLEDGE,1,1,0.727211403,0.22337465,0.008231863,0.007577861,0.033604224
213,Boyer,Tyrie,Tyrie A. Boyer,fl,31,BOYER,TYRIE,1,3,0.846796407,0.101522055,0.008812968,0.010439931,0.032428639
214,Ford,Campbell,P. Campbell Ford,fl,31,FORD,CAMPBELL,1,17,0.475604421,0.479020507,0.006262907,0.006089178,0.033022986
215,Brannon,Grayling,Grayling Emanuel Brannon,fl,31,BRANNON,GRAYLING,1,4,0.690097419,0.258580593,0.006284836,0.007699033,0.037338118
216,McGraw,Artice,Artice Lee McGraw,fl,33,MCGRAW,ARTICE,1,3,0.804063214,0.149896006,0.005148165,0.005083087,0.035809528
217,Thompson,Randle,Randle D. Thompson,fl,33,THOMPSON,RANDLE,1,46,0.651029802,0.287556598,0.004275146,0.005437675,0.05170078
218,Toner,Genie,Genie Toner,fl,53,TONER,GENIE,1,2,0.972648085,0.003077455,0.009257894,0.003407922,0.011608644
219,Mander,,A.r. Mander III.,fl,53,MANDER,,NA,1,0.856668858,0.011312251,0.00493117,0.091908476,0.035179245
220,Gibbs,,"A. P. Gibbs, Esq.",fl,57,GIBBS,,NA,11,0.630978714,0.299643845,0.027739194,0.007147784,0.034490463
221,Brooker,Rodric,Rodric Taliaferro Brooker,fl,57,BROOKER,RODRIC,1,1,0.787704813,0.154086336,0.025967613,0.010669807,0.021571432
222,Dyches,Aiken,Aiken Fletcher Dyches,fl,57,DYCHES,AIKEN,1,1,0.803534957,0.143145704,0.019378562,0.006759612,0.027181166
223,Bass,Dondra,Dondra S. Bass,fl,57,BASS,DONDRA,1,8,0.664772272,0.260557375,0.031266609,0.007168113,0.036235631
224,Williams,,"K.c. Williams, Esq.",fl,57,WILLIAMS,,NA,99,0.429263332,0.494518365,0.027948055,0.006570629,0.041699619
225,Foster,Brigdon,Brigdon Kenton Foster,fl,57,FOSTER,BRIGDON,1,17,0.669387783,0.254328067,0.030466466,0.008047033,0.03777065
226,Williams,Sheaka,Ya Sheaka Campbell Williams,fl,57,WILLIAMS,SHEAKA,1,99,0.429263332,0.494518365,0.027948055,0.006570629,0.041699619
227,Valdes,Marelyn,Marelyn N Valdes,fl,57,VALDES,MARELYN,1,2,0.073979025,0.005333171,0.907144042,0.010952986,0.002590776
228,Catania,Cally,Cally E. Catania,fl,57,CATANIA,CALLY,1,4,0.906370947,0.000325042,0.056047024,0.023576462,0.013680524
229,Raines,Garett,Garett T. Raines,fl,57,RAINES,GARETT,1,2,0.777299972,0.15793139,0.026759658,0.006810946,0.031198035
230,Mabie,Lefferts,Lefferts Lamont Mabie III,fl,57,MABIE,LEFFERTS,1,1,0.874967609,0.076687576,0.016692244,0.009275022,0.02237755
231,Grimaldi,,TJ Grimaldi,fl,57,GRIMALDI,,NA,2,0.826074858,0.007405502,0.149250088,0.005025592,0.01224396
232,Youngblood,Patton,T. Patton Youngblood Jr.,fl,57,YOUNGBLOOD,PATTON,1,1,0.670702637,0.245357905,0.023908783,0.004973589,0.055057085
233,Tribble,Tarya,Tarya Arnshelic Tribble,fl,57,TRIBBLE,TARYA,1,1,0.622460991,0.308108188,0.028511317,0.007285927,0.033633576
234,Roland,,Ty G. Roland,fl,71,ROLAND,,NA,2,0.838778643,0.108483227,0.025946026,0.003374755,0.023417349
235,Terry,Rankin,T. Rankin Terry Jr.,fl,71,TERRY,RANKIN,1,9,0.811012933,0.138905406,0.021809315,0.003154924,0.025117422
236,Steen,,J. C. O Steen,fl,73,STEEN,,NA,3,0.745739944,0.21968142,0.004901084,0.004931759,0.024745793
237,Petrie,Granville,Granville Edgar Petrie Jr.,fl,73,PETRIE,GRANVILLE,2,1,0.892846539,0.075308901,0.006152445,0.005214555,0.020477561
238,Given,Baron,Baron W. Given,fl,81,GIVEN,BARON,1,1,0.959031166,0.01416531,0.010450803,0.004391947,0.011960774
239,Legler,Kennedy,Kennedy Legler III.,fl,81,LEGLER,KENNEDY,2,1,0.944292224,0.02096276,0.020410367,0.003718437,0.010616212
240,Lynch,Skip,Skip Edward Lynch,fl,83,LYNCH,SKIP,2,11,0.887380494,0.077549173,0.010322121,0.002767944,0.021980268
241,Prempeh,Jabari,Jabari Prempeh II,fl,86,PREMPEH,JABARI,1,1,0.001116216,0.981960441,0.012178301,0.002528143,0.002216901
242,Fischer,Ury,Ury Fischer,fl,86,FISCHER,URY,1,13,0.722604355,0.028233087,0.213935691,0.010582493,0.024644375
243,Clarke,Mercer,Mercer K. Clarke,fl,86,CLARKE,MERCER,1,7,0.251472966,0.560477964,0.160069163,0.005880484,0.022099424
244,Mitchell,,Pj Mitchell,fl,86,MITCHELL,,NA,33,0.261013134,0.58899001,0.115272493,0.004650341,0.030074021
245,Pineres,Hernando,Hernando V. Pineres,fl,86,PINERES,HERNANDO,1,1,0.005468905,0,0.994531095,0,0
246,Nemire,Marleta,Marleta Lois Nemire,fl,86,NEMIRE,MARLETA,1,1,0.566069845,0.01972205,0.404962917,0,0.009245188
247,Mellies,Nathalia,Nathalia Abondano Mellies,fl,87,MELLIES,NATHALIA,1,1,0.960186124,0.001877411,0.019837936,0.0025725,0.015526028
248,Sands,Merrell,Merrell Frank Sands III,fl,87,SANDS,MERRELL,1,2,0.90534573,0.041530084,0.026394102,0.002843118,0.023886967
249,Morris,,R. P. Morris Jr.,fl,91,MORRIS,,NA,35,0.832985488,0.101596556,0.006556346,0.006107197,0.052754413
250,Self,Eben,Eben C. Self,fl,95,SELF,EBEN,2,2,0.820885077,0.082873119,0.034911649,0.010991029,0.050339126
251,Brown,Steen,Steen J. Brown,fl,95,BROWN,STEEN,1,106,0.458655998,0.455800581,0.030076988,0.010373218,0.045093216
252,Main,Jedediah,Jedediah Allen Main,fl,95,MAIN,JEDEDIAH,1,1,0.865226403,0.010047556,0.039594023,0.037002101,0.048129916
253,Lyons,Jarian,Jarian N. Lyons,fl,95,LYONS,JARIAN,1,8,0.646155333,0.267598977,0.030449988,0.011087938,0.044707764
254,Alexander,Sadiki,Sadiki M. Alexander,fl,95,ALEXANDER,SADIKI,1,15,0.458838994,0.434202933,0.037693928,0.025127156,0.044136989
255,Winthrop,Griffith,Griffith J. Winthrop III.,fl,95,WINTHROP,GRIFFITH,1,1,0.81924896,0.135871922,0.021063152,0.001555446,0.02226052
256,Fernandes,Caril,Caril Elaine Fernandes,fl,95,FERNANDES,CARIL,1,1,0.44512753,0.120189908,0.126198191,0.259732457,0.048751915
257,Perry,Jaimon,Jaimon H. Perry,fl,95,PERRY,JAIMON,1,17,0.569456125,0.339784991,0.033560146,0.012209474,0.044989264
258,Graham,Trakina,Trakina L. Graham,fl,95,GRAHAM,TRAKINA,1,13,0.58907087,0.326487778,0.032350857,0.011026186,0.04106431
259,Hoffman,Elmo,Elmo Rogers Hoffman,fl,95,HOFFMAN,ELMO,1,23,0.903751061,0.019580027,0.030710546,0.015552555,0.03040581
260,Nix,Mikaela,Mikaela Nix,fl,95,NIX,MIKAELA,2,4,0.723590255,0.191935766,0.031099388,0.010094901,0.04327969
261,Abercrombie,Yulric,Yulric Abercrombie,fl,95,ABERCROMBIE,YULRIC,1,1,0.687248797,0.240811728,0.02651915,0.008360666,0.037059659
262,Lewis,,C. D. Lewis Jr.,fl,97,LEWIS,,NA,43,0.565247741,0.292144671,0.072796082,0.008826209,0.060985297
263,Reid,Justus,Justus W. Reid,fl,99,REID,JUSTUS,1,6,0.591273213,0.358629058,0.021089459,0.005645169,0.0233631
264,Hakim,Elad,Elad Hakim,fl,99,HAKIM,ELAD,1,2,0.622116315,0.132019973,0.017076189,0.163269161,0.065518362
265,Lytal,Lake,Lake Lytal Jr.,fl,99,LYTAL,LAKE,1,1,0.907538055,0.00911675,0.025235603,0.008022248,0.050087344
266,Weinreb,Dvora,Dvora Miryam Weinreb,fl,99,WEINREB,DVORA,1,1,0.970970293,0.004419025,0.017265593,0.003888503,0.003456587
267,Hagan,Kera,Kera E. Hagan,fl,99,HAGAN,KERA,1,1,0.860387077,0.093898909,0.019110268,0.009577101,0.017026645
268,Barnes,Edrick,Edrick E. Barnes,fl,99,BARNES,EDRICK,1,17,0.642335209,0.308825159,0.018809211,0.004454909,0.025575512
269,Gary,Veverly,Veverly D. Gary,fl,99,GARY,VEVERLY,1,4,0.465072059,0.483444885,0.021413124,0.006062785,0.024007147
270,Olds,Lonniell,Lonniell Olds,fl,99,OLDS,LONNIELL,1,1,0.739048831,0.20679304,0.017884043,0.006448743,0.029825343
271,Roberts,Donia,Donia Adams Roberts,fl,99,ROBERTS,DONIA,1,30,0.772030851,0.177779595,0.019531245,0.005707311,0.024950998
272,Unice,,T.R. Unice Jr.,fl,101,UNICE,,NA,1,0.962484275,0.027866428,0.003608813,0.006040485,0
273,Berman,Elihu,Elihu H. Berman,fl,103,BERMAN,ELIHU,1,5,0.968316578,0.005020288,0.007301157,0.009307183,0.010054794
274,Kanner,Meni,Meni Kanner,fl,103,KANNER,MENI,1,1,0.978805851,0.001638753,0.008868757,0.003069429,0.007617211
275,Free,Lebron,E. Lebron Free,fl,103,FREE,LEBRON,1,1,0.923868517,0.041858587,0.005043988,0.004366708,0.0248622
276,Campbell,DMichael,D.Michael Campbell,fl,105,CAMPBELL,DMICHAEL,1,36,0.773025536,0.180021972,0.018452844,0.003356265,0.025143383
277,Brooks,Beach,Beach A. Brooks Jr.,fl,105,BROOKS,BEACH,1,12,0.646588464,0.301153877,0.018803587,0.003109902,0.030344169
278,Dreyer,,"J. D. Dreyer, Esq.",fl,115,DREYER,,NA,2,0.981900253,0.001340712,0.005534113,0.003374429,0.007850493
279,Buckman,Amiee,Amiee R. Buckman,fl,115,BUCKMAN,AMIEE,1,2,0.950786388,0.019856202,0.005151871,0.001517919,0.022687619
280,Borza,Americo,Americo Borza,fl,115,BORZA,AMERICO,1,1,0.984963463,0.0013239,0.005036364,0.002396128,0.006280145
281,Arcaro,Riccardo,Riccardo D. Arcaro,fl,115,ARCARO,RICCARDO,1,1,0.991440216,0.000286742,0.001681711,0.000518974,0.006072356
282,Dramis,September,"September Dramis, Esq.",fl,115,DRAMIS,SEPTEMBER,1,1,0.989979712,0.001143895,0.006806057,0.002070336,0
283,Maglio,Altom,"Altom M. Maglio, Esq.",fl,115,MAGLIO,ALTOM,1,1,0.982484672,0.000826209,0.0129577,0.000766849,0.00296457
284,Fuller,,J. D. Fuller,fl,117,FULLER,,NA,13,0.804320525,0.139183293,0.017040822,0.008796906,0.030658453
285,Durrett,Chadd,Chadd L. Durrett Jr.,ar,35,DURRETT,CHADD,1,2,0.463995264,0.510755312,0.00588021,0.001501187,0.017868026
286,Childs,Callis,Callis L. Childs,ar,45,CHILDS,CALLIS,1,2,0.733567406,0.214064498,0.013253125,0.003859884,0.035255088
287,Tapp,Tylar,Tylar Tapp,ar,51,TAPP,TYLAR,1,1,0.891081746,0.061218247,0.016047093,0.002485075,0.029167838
288,Sanders,Powell,A. Powell Sanders,ar,131,SANDERS,POWELL,1,19,0.695881953,0.157244443,0.057968937,0.013826287,0.075078379
289,Gilbreath,,E. C. Gilbreath,ar,131,GILBREATH,,NA,2,0.875976907,0.029615571,0.037950253,0.009066384,0.047390885
290,Bassett,Woodson,Woodson W. Bassett III,ar,143,BASSETT,WOODSON,1,3,0.857731127,0.018498448,0.066005321,0.01903221,0.038732894
291,Jolles,Abbe,Abbe Jolles,dc,1,JOLLES,ABBE,1,1,0.9209,0.0282,0.0339,0.0085,0.0085
292,Pickard,Adrien,Adrien C. Pickard,dc,1,PICKARD,ADRIEN,1,1,0.8861,0.0611,0.0265,0.0056,0.0207
293,Nath,Amala,Amala Nath,dc,1,NATH,AMALA,1,1,0.3389,0.0327,0.0115,0.5529,0.064
294,Fay,Caragh,Caragh Glenn Fay,dc,1,FAY,CARAGH,1,3,0.9262,0.017,0.0284,0.01,0.0184
295,Bond,Ferris,Ferris R Bond,dc,1,BOND,FERRIS,1,5,0.759175918,0.178817882,0.02430243,0.00580058,0.03190319
296,Dorsey,,J. B. Dorsey,dc,1,DORSEY,,NA,4,0.418358164,0.521547845,0.01949805,0.0039996,0.03659634
297,Barber,Jensen,Jensen Egerton Barber II,dc,1,BARBER,JENSEN,1,12,0.754875488,0.183818382,0.02390239,0.00640064,0.0310031
298,Walker,KimMarie,Kim-Marie Walker,dc,1,WALKER,KIMMARIE,1,46,0.586658666,0.350535054,0.02410241,0.00450045,0.03420342
299,Goldsmith,Leizer,Leizer Z. Goldsmith,dc,1,GOLDSMITH,LEIZER,1,4,0.79,0.1629,0.0212,0.0054,0.0205
300,Zapata,Raenelle,Raenelle Humbles Zapata,dc,1,ZAPATA,RAENELLE,1,1,0.058,0.0041,0.9228,0.0115,0.0036
301,Hollister,Keyburn,P. Keyburn Hollister,ma,3,HOLLISTER,KEYBURN,1,1,0.959856734,0.015836934,0.006891392,0.002493284,0.014921655
302,Pumphrey,Hetherwick,J Hetherwick Pumphrey,ma,3,PUMPHREY,HETHERWICK,1,1,0.908517835,0.061247497,0.008037719,0.00046942,0.021727528
303,Moniz,Ren,Ren P. Moniz,ma,5,MONIZ,REN,2,1,0.84320068,0.010565526,0.045417001,0.015194278,0.085622515
304,Kearney,Cauleen,Cauleen Ross Kearney,ma,13,KEARNEY,CAULEEN,1,5,0.680416852,0.257251938,0.047703262,0.002303335,0.012324613
305,Burrows,Meade,Meade G. Burrows,ma,15,BURROWS,MEADE,1,3,0.928899693,0.033920674,0.010932725,0.005586755,0.020660153
306,Brooks,Arinda,Arinda R. Brooks,ma,17,BROOKS,ARINDA,1,12,0.663637784,0.268249442,0.018558857,0.009174199,0.040379718
307,McMahon,Brenden,Brenden J. McMahon,ma,17,MCMAHON,BRENDEN,2,8,0.939350109,0.016635544,0.016011921,0.011359738,0.016642688
308,Lofton,Nesbit,Nesbit Cannon Lofton,ma,17,LOFTON,NESBIT,1,2,0.435984554,0.486160796,0.018167159,0.005953933,0.053733559
309,Oriel,Chesley,Chesley Oriel,ma,17,ORIEL,CHESLEY,1,1,0.549443737,0.001722916,0.044283687,0.37142952,0.03312014
310,Un,Vanthan,Vanthan R. Un,ma,17,UN,VANTHAN,1,1,0.044739976,0.001880668,0.018110242,0.906064582,0.029204532
311,Fenichel,Abbott,Abbott S. Fenichel,ma,21,FENICHEL,ABBOTT,1,1,0.968602338,0,0.009371849,0,0.022025813
312,Fleming,Mellonie,Mellonie S Fleming,ma,21,FLEMING,MELLONIE,1,10,0.754985312,0.205632936,0.007478909,0.009991782,0.021911061
313,Pahuja,Monisha,Monisha Pahuja,ma,25,PAHUJA,MONISHA,1,1,0.018265257,0,0.019991458,0.94850078,0.013242504
314,Garcia,Tamari,Tamari Garcia,ma,25,GARCIA,TAMARI,1,13,0.01708239,0.007492951,0.959479546,0.01090367,0.005041442
315,Ho,Widdy,Widdy S Ho,ma,25,HO,WIDDY,1,2,0.010053621,0.004357237,0.014732309,0.941580429,0.029276404
316,Daniels,Gordie,Gordie Daniels,ma,27,DANIELS,GORDIE,1,10,0.664715097,0.269194874,0.030520262,0.00436842,0.031201347
317,Brown,Damisela,Damisela Chavira Brown,tx,29,BROWN,DAMISELA,1,106,0.571594578,0.316351102,0.058082669,0.004727806,0.049243845
318,Rodriguez,Draper,Draper T. Rodriguez,tx,29,RODRIGUEZ,DRAPER,1,17,0.021072307,0.002158226,0.972061535,0.002376556,0.002331375
319,Shelton,Walden,Walden E. Shelton Jr.,tx,29,SHELTON,WALDEN,1,6,0.717920228,0.181652898,0.050905437,0.004315197,0.045206241
320,Goldner,,Ed Goldner,tx,29,GOLDNER,,NA,1,0.903453334,0.003411192,0.058462346,0.00675679,0.027916338
321,Lang,Sylvan,Sylvan S. Lang Jr.,tx,29,LANG,SYLVAN,1,6,0.787927071,0.09056432,0.057027848,0.030127138,0.034353623
322,Putman,Vick,Vick Putman,tx,29,PUTMAN,VICK,1,1,0.845514521,0.070696589,0.047203816,0.005111463,0.031473611
323,Holman,Hawley,J. Hawley Holman,tx,37,HOLMAN,HAWLEY,1,3,0.645925507,0.326121924,0.002919261,0.000601915,0.024431393
324,Dunn,Winford,Winford L. Dunn Jr.,tx,37,DUNN,WINFORD,1,21,0.77454536,0.1991321,0.002590756,0.001068363,0.022663421
325,Dorsey,Tabor,Tabor J.G. Dorsey,tx,85,DORSEY,TABOR,1,4,0.562789499,0.36324527,0.007386041,0.011272534,0.055306656
326,Crowder,Darlina,Darlina C. Crowder,tx,85,CROWDER,DARLINA,1,2,0.775728398,0.169183524,0.006795479,0.009525741,0.038766858
327,Peter,Sminu,Sminu Peter,tx,85,PETER,SMINU,1,1,0.660452972,0.038425082,0.007618683,0.233338246,0.060165018
328,Price,Waren,Waren C. Price,tx,85,PRICE,WAREN,1,22,0.827016606,0.118786548,0.007056094,0.011952836,0.035187917
329,Campos,Atanacio,Atanacio Campos,tx,91,CAMPOS,ATANACIO,1,2,0.155630127,0.000699438,0.832449079,0.003949967,0.007271389
330,Chambers,Demetri,Demetri Chambers,tx,113,CHAMBERS,DEMETRI,1,14,0.443405546,0.502003922,0.023184762,0.005417066,0.025988704
331,Richard,Cephus,Cephus Richard III.,tx,113,RICHARD,CEPHUS,1,6,0.501008826,0.436049488,0.027238545,0.011432459,0.024270682
332,Clark,Irrekka,"Irrekka L. Clark, Esq.",tx,113,CLARK,IRREKKA,1,34,0.560706337,0.372857311,0.026952267,0.007234613,0.032249472
333,Merritt,Tahira,Tahira Khan Merritt,tx,113,MERRITT,TAHIRA,2,4,0.561196054,0.383725979,0.021935257,0.006666167,0.026476541
334,Wright,Hyejin,Hyejin Chung Wright,tx,113,WRIGHT,HYEJIN,1,32,0.445107953,0.498398627,0.022203498,0.006153547,0.028136375
335,Bradley,Balon,Balon B Bradley,tx,113,BRADLEY,BALON,1,20,0.484438191,0.458946227,0.022809745,0.005500513,0.028305323
336,Hendrix,Garnett,Garnett E. Hendrix Jr.,tx,113,HENDRIX,GARNETT,1,3,0.607619575,0.32900148,0.026114386,0.006531404,0.030733155
337,Sims,Glennis,Glennis E. Sims,tx,113,SIMS,GLENNIS,1,6,0.326066887,0.625284108,0.018711337,0.004392245,0.025545423
338,Cos,Nizie,Nizie A Cos,tx,113,COS,NIZIE,1,3,0.241467835,0.076449195,0.66207065,0.015430494,0.004581826
339,Lewis,Kern,Kern A. Lewis,tx,113,LEWIS,KERN,1,43,0.366645189,0.572537379,0.022593777,0.006289311,0.031934343
340,Howard,,B D Howard Jr.,tx,113,HOWARD,,NA,27,0.428926433,0.513340551,0.021984803,0.005948263,0.029799949
341,Camp,,Ty C. Camp,tx,113,CAMP,,NA,3,0.721241724,0.217563753,0.023824721,0.008924305,0.028445496
342,Sentell,Hutton,Hutton W. Sentell,tx,113,SENTELL,HUTTON,1,1,0.817279698,0.12420601,0.013742104,0.008892735,0.035879452
343,Terry,Vic,Vic Terry,tx,113,TERRY,VIC,1,9,0.452193574,0.486818301,0.025430015,0.006814685,0.028743425
344,Jose,Rajish,Rajish K. Jose,tx,113,JOSE,RAJISH,1,2,0.100193612,0.044421502,0.345834501,0.437828811,0.071721574
345,Dunn,Rogge,R. Rogge Dunn,tx,113,DUNN,ROGGE,1,21,0.638095914,0.299260359,0.024935286,0.010659554,0.027048887
346,Farah,Milad,Milad Kaissar Farah,tx,141,FARAH,MILAD,1,1,0.340145675,0.302250447,0.298630384,0.015044939,0.043928554
347,Dickson,Temple,R. Temple Dickson,tx,151,DICKSON,TEMPLE,1,2,0.928011977,0.036212268,0.016338742,0.000253098,0.019183916
348,Wohlt,,E. J. Wohlt Jr.,tx,185,WOHLT,,NA,1,0.982662575,0,0.006788613,0,0.010548812
349,Allen,Lemuel,Lemuel B Allen Jr.,tx,187,ALLEN,LEMUEL,1,51,0.801842653,0.135400247,0.022961168,0.001985183,0.037810748
350,Fitzhugh,Champe,Champe Fitzhugh IV.,tx,201,FITZHUGH,CHAMPE,1,2,0.547592585,0.390541371,0.02404977,0.009131973,0.028684301
351,Garza,Chelsie,Chelsie King Garza,tx,201,GARZA,CHELSIE,1,5,0.045584747,0.003624431,0.944511568,0.002563543,0.003715711
352,Williams,Allette,Allette B. Williams,tx,201,WILLIAMS,ALLETTE,1,99,0.285469543,0.656429694,0.023181162,0.006323724,0.028595877
353,Jamail,Dahr,Dahr Jamail,tx,201,JAMAIL,DAHR,1,1,0.906917919,0.028667595,0.019385417,0.028625585,0.016403483
354,Cowan,Finis,Finis E. Cowan Jr.,tx,201,COWAN,FINIS,1,6,0.658789863,0.276666534,0.028810946,0.008946989,0.026785668
355,Fenley,,B C Fenley Jr.,tx,201,FENLEY,,NA,1,0.788556814,0.123862453,0.043770034,0.00997427,0.033836429
356,Broussard,Collis,Collis A. Broussard Jr.,tx,201,BROUSSARD,COLLIS,1,4,0.500527464,0.44680518,0.028370071,0.004401192,0.019896094
357,Baxley,Bristol,Bristol Alan Baxley,tx,201,BAXLEY,BRISTOL,1,1,0.847458925,0.090820278,0.026121752,0.009027684,0.026571362
358,Bratton,Janikka,Janikka E. Bratton,tx,201,BRATTON,JANIKKA,1,3,0.607355393,0.325207255,0.032269338,0.009177172,0.025990842
359,Carter,Daragh,Daragh John M. Carter,tx,201,CARTER,DARAGH,1,33,0.399893816,0.539551597,0.023988591,0.006812094,0.029753902
360,Zaid,Jawad,Jawad I. Zaid,tx,201,ZAID,JAWAD,1,1,0.439678131,0.307048987,0.034926526,0.169119903,0.049226453
361,Henderson,Chadrick,Chadrick Stewart Henderson,tx,201,HENDERSON,CHADRICK,1,19,0.415084915,0.521889797,0.02606832,0.006901303,0.030055666
362,Sherman,Joa,Joa Sherman,tx,201,SHERMAN,JOA,1,11,0.709733743,0.218976034,0.029819684,0.011906028,0.02956451
363,Gilbreath,Stavis,Stavis Gilbreath,tx,201,GILBREATH,STAVIS,1,2,0.797649434,0.142837197,0.026170614,0.00617523,0.027167525
364,Koshy,Chetna,Chetna Gosain Koshy,tx,201,KOSHY,CHETNA,1,1,0.013944546,0.002058005,0.004174953,0.96810555,0.011716945
365,Manzanares,Imrana,Imrana L. Manzanares,tx,201,MANZANARES,IMRANA,1,1,0.062503452,0.006075212,0.912418081,0.010312726,0.00869053
366,Hammock,Talmadge,R. Talmadge Hammock,tx,201,HAMMOCK,TALMADGE,3,1,0.695346963,0.237475248,0.028666652,0.007492172,0.031018965
367,Hornsby,Lezzlie,Lezzlie E. Hornsby,tx,201,HORNSBY,LEZZLIE,1,5,0.674537478,0.268973636,0.023810674,0.008099724,0.024578488
368,Clay,Fyodor,Fyodor Clay,tx,201,CLAY,FYODOR,1,6,0.347769753,0.589236979,0.023907003,0.007118593,0.031967672
369,Sharma,Bashist,Bashist M Sharma,tx,201,SHARMA,BASHIST,1,3,0.01683381,0.007929199,0.006067336,0.944275545,0.02489411
370,Rigby,Ren,Ren Patrick Rigby Jr.,tx,201,RIGBY,REN,2,1,0.780922609,0.155617793,0.022511413,0.018292718,0.022655468
371,Adkins,Pierce,Pierce M. Adkins,tx,201,ADKINS,PIERCE,1,6,0.780875218,0.158461154,0.022980569,0.007497132,0.030185927
372,McCarty,Jarrie,Jarrie D McCarty,tx,201,MCCARTY,JARRIE,1,3,0.799442821,0.127521945,0.033030809,0.010794496,0.029209928
373,Dunmore,Ieshia,Ieshia J. Dunmore,tx,201,DUNMORE,IESHIA,1,1,0.131292895,0.817225082,0.01696037,0.004866491,0.029655161
374,Williams,Jett,Jett Williams III,tx,201,WILLIAMS,JETT,1,99,0.285469543,0.656429694,0.023181162,0.006323724,0.028595877
375,Clark,Perrin,Perrin W. Clark,tx,201,CLARK,PERRIN,2,34,0.593899545,0.333869682,0.030624575,0.00946506,0.032141139
376,Phan,Triet,Triet M Phan,tx,201,PHAN,TRIET,1,1,0.005915697,0.00193746,0.004482048,0.975761856,0.011902939
377,Sammons,Kirkland,J. Kirkland Sammons,tx,201,SAMMONS,KIRKLAND,1,1,0.821396811,0.112269771,0.026585124,0.008903666,0.030844627
378,Jones,Jeth,L. Jeth Jones II.,tx,201,JONES,JETH,1,77,0.370313875,0.569676027,0.022925154,0.006504422,0.030580522
379,Salama,Ranya,Ranya Salama,tx,201,SALAMA,RANYA,1,1,0.809738629,0.05702578,0.087351023,0.01214359,0.033740978
380,Grace,Ojay,Ojay M Grace,tx,201,GRACE,OJAY,1,4,0.554858704,0.347090017,0.038229667,0.026002158,0.033819454
381,Kennedy,Galvin,Galvin B. Kennedy,tx,201,KENNEDY,GALVIN,1,18,0.67890015,0.252619112,0.030705793,0.011474272,0.026300672
382,Sharpe,,R M Sharpe Jr.,tx,201,SHARPE,,NA,4,0.541578925,0.399266611,0.026418206,0.008743753,0.023992505
383,Garcia,Eliakim,Eliakim Garcia,tx,215,GARCIA,ELIAKIM,1,13,0.004158452,6.30E-05,0.993751883,0.001522242,0.000504447
384,Rubio,Gorge,Gorge M. Rubio,tx,215,RUBIO,GORGE,1,3,0.004133871,3.92E-05,0.993525113,0.001942633,0.000359211
385,Steele,Howbert,Howbert A Steele,tx,215,STEELE,HOWBERT,1,13,0.659802233,0.023816475,0.286242989,0.006241952,0.023896351
386,Linh,Theme,Theme Sue Linh,tx,245,LINH,THEME,1,1,0.058531988,0.031543223,0,0.900536693,0.009388096
387,Wright,,H. P. Wright,tx,245,WRIGHT,,NA,32,0.427853185,0.544321635,0.007049109,0.002985992,0.01779008
388,Blair,Amme,Amme D. Blair,tx,303,BLAIR,AMME,1,10,0.876488912,0.07983935,0.018720531,0.002603712,0.022347494
389,Reyna,Abelino,Abelino Reyna,tx,309,REYNA,ABELINO,1,1,0.119465355,0.005049998,0.863368606,0.002488808,0.009627232
390,Jones,Merryl,Merryl Wash Jones,tx,309,JONES,MERRYL,1,77,0.572425052,0.386159975,0.011476871,0.001250118,0.028687983
391,Luce,Derrel,Derrel Luce,tx,309,LUCE,DERREL,1,2,0.960755903,0.006654049,0.012498778,0.002867989,0.017223282
392,Pitre,Sio,Sio Ramirez Pitre,tx,339,PITRE,SIO,1,2,0.865950952,0.057170696,0.047422301,0.003951386,0.025504664
393,Rogers,Sheadyn,Sheadyn R. Rogers,tx,355,ROGERS,SHEADYN,1,14,0.816266,0.086214706,0.063009029,0.003515532,0.030994734
394,Latham,Mills,B. Mills Latham,tx,355,LATHAM,MILLS,1,2,0.849458287,0.07414309,0.047516483,0.003167255,0.025714886
395,Bell,Sandee,Sandee Bell,tx,355,BELL,SANDEE,1,22,0.725252802,0.165004955,0.06485648,0.003925335,0.040960429
396,Munoz,Jacobo,Jacobo G. Munoz,tx,355,MUNOZ,JACOBO,1,3,0.02288883,0.000603506,0.972018608,0.002561492,0.001927564
397,Stephens,Kerwin,Kerwin B. Stephens,tx,363,STEPHENS,KERWIN,1,9,0.944556006,0.027864932,0.00887891,0.000451602,0.01824855
398,White,Ori,Ori T White,tx,371,WHITE,ORI,1,64,0.735097085,0.15231918,0.077567917,0.001184254,0.033831564
399,McConnell,,Ed McConnell,tx,375,MCCONNELL,,NA,4,0.89924384,0.047671246,0.018445077,0.0055119,0.029127937
400,Johnson,Delinda,Delinda R. Johnson,tx,375,JOHNSON,DELINDA,1,154,0.63633247,0.294036057,0.022078316,0.005465878,0.042087278
401,Lawhorn,Tab,Tab E. Lawhorn,tx,423,LAWHORN,TAB,1,1,0.765040539,0.207640117,0.005203264,0.001395021,0.02072106
402,Zadeh,Jamshyd,Jamshyd M. Zadeh,tx,439,ZADEH,JAMSHYD,1,1,0.847426787,0.001100042,0.014820689,0.021609901,0.11504258
403,Patel,Yesha,Yesha Patel,tx,439,PATEL,YESHA,1,6,0.019383743,0.003879259,0.002521538,0.950375529,0.02383993
404,Cornish,,B. C. Cornish,tx,439,CORNISH,,NA,2,0.605439922,0.341362369,0.014912603,0.004542454,0.033742652
405,Grigg,Dicky,Dicky Grigg,tx,453,GRIGG,DICKY,1,1,0.931101639,0.012146138,0.018875607,0.00649108,0.031385536
406,Ainsworth,Price,Price Ainsworth,tx,453,AINSWORTH,PRICE,1,2,0.916754589,0.026524428,0.024011313,0.007511549,0.025198121
407,Williams,Burgess,Burgess Williams,tx,453,WILLIAMS,BURGESS,1,99,0.554300777,0.364837314,0.02406526,0.007484998,0.049311651
408,Onstad,Rockne,Rockne W. Onstad,tx,453,ONSTAD,ROCKNE,1,1,0.945825816,0.00158277,0.021350957,0.003365803,0.027874653
409,Buchanan,Brittan,Brittan L. Buchanan,tx,453,BUCHANAN,BRITTAN,1,5,0.825513013,0.114509231,0.020674074,0.008451123,0.030852559
410,Park,Mance,Mance Michael Park,tx,471,PARK,MANCE,1,7,0.583297948,0.029665126,0.008643155,0.34486448,0.033529291
411,Murphy,Dottie,Dottie A. Murphy,tx,485,MURPHY,DOTTIE,1,65,0.890481753,0.072194877,0.007335688,0.002175191,0.027812492
412,Ribeiro,Agostinho,Agostinho J. Ribeiro,ct,1,RIBEIRO,AGOSTINHO,1,2,0.774518135,0.083671749,0.088786482,0.031855945,0.02116769
413,Schmid,Annemette,Annemette Schmid,ct,1,SCHMID,ANNEMETTE,1,4,0.944105091,0.002640602,0.026187439,0.010856686,0.016210182
414,Lancia,Maurizio,Maurizio D. Lancia,ct,1,LANCIA,MAURIZIO,2,1,0.947154483,0,0.042772246,0.003785231,0.00628804
415,Fitzgerald,Omalley,S Omalley Fitzgerald,ct,1,FITZGERALD,OMALLEY,1,15,0.841506363,0.099824307,0.029390295,0.008536608,0.020742428
416,Brien,Johnpatrick,Johnpatrick C. O Brien,ct,1,BRIEN,JOHNPATRICK,1,17,0.784169366,0.010566425,0.067584419,0.009237743,0.128442046
417,Bliss,Stevens,T. Stevens Bliss,ct,1,BLISS,STEVENS,1,3,0.906280174,0.020440384,0.03232471,0.011698232,0.0292565
418,Sarpong,Yaa,Yaa Sarpong,ct,1,SARPONG,YAA,1,1,0.017537344,0.955332392,0.004458167,0.004290579,0.018381518
419,Webber,CoriLynn,"Cori-Lynn S. Webber, Esq.",ct,3,WEBBER,CORILYNN,1,4,0.784875874,0.152658275,0.032873814,0.006736842,0.022855194
420,Page,Thompson,Thompson Gould Page,ct,3,PAGE,THOMPSON,1,7,0.69200112,0.246503393,0.029674126,0.007321903,0.024499457
421,Hanson,Kweku,Kweku J. Hanson,ct,3,HANSON,KWEKU,1,11,0.904926868,0.039579712,0.025486758,0.008281968,0.021724694
422,Tindall,Tavis,Tavis O. Tindall,ct,9,TINDALL,TAVIS,1,2,0.837056911,0.101860353,0.028366408,0.004825045,0.027891283
423,Mahoney,Sol,Sol E. Mahoney,ct,9,MAHONEY,SOL,3,9,0.894443528,0.05579083,0.026389041,0.0060334,0.017343201
424,Coric,Drzislav,Drzislav Coric,ct,11,CORIC,DRZISLAV,1,1,0.932563707,0,0.018148003,0,0.049288291
425,McClelland,Regis,Regis M. McClelland,pa,3,MCCLELLAND,REGIS,3,3,0.838582055,0.127051308,0.006390462,0.004467637,0.023508538
426,DePaola,Rinaldo,Rinaldo A. DePaola,pa,15,DEPAOLA,RINALDO,1,1,0.983648978,6.61E-05,0.009205087,0.000897338,0.006182454
427,Brien,Ayla,Ayla O Brien,pa,17,BRIEN,AYLA,1,17,0.841600569,0.002934513,0.03693851,0.009706578,0.10881983
428,Patrick,Blaire,Blaire E. Patrick,pa,19,PATRICK,BLAIRE,1,2,0.951235572,0.022139722,0.004284701,0.002894779,0.019445226
429,Redmond,,P. J. Redmond,pa,29,REDMOND,,NA,3,0.759464052,0.179493491,0.02882717,0.007822356,0.024392932
430,Shelton,Fincourt,Fincourt B. Shelton,pa,45,SHELTON,FINCOURT,1,6,0.600186219,0.349185092,0.010629902,0.007335427,0.032663361
431,Pinski,Avivah,Avivah R. Z. Pinski,pa,45,PINSKI,AVIVAH,1,1,0.952157296,0,0.020281369,0.016601235,0.0109601
432,DeLuca,Tullio,Tullio DeLuca,pa,69,DELUCA,TULLIO,1,3,0.962782316,0.000519246,0.027894098,0.001944425,0.006859915
433,Glazier,Penn,Penn B. Glazier,pa,71,GLAZIER,PENN,2,1,0.941339886,0.005137346,0.028049438,0.003980561,0.02149277
434,Anderson,Greer,Greer H. Anderson,pa,75,ANDERSON,GREER,1,63,0.900835001,0.031742487,0.043876388,0.002795907,0.020750218
435,Goldin,Ely,Ely Goldin,pa,91,GOLDIN,ELY,1,2,0.961615519,0.010563639,0.018128399,0.001663419,0.008029025
436,Sondergaard,Analisa,Analisa Sondergaard,pa,91,SONDERGAARD,ANALISA,1,1,0.965940941,0.002312945,0.021884504,0.006711892,0.003149718
437,Cammisa,Agostino,Agostino Cammisa,pa,101,CAMMISA,AGOSTINO,1,1,0.752358405,0.041863586,0.105704665,0.023713753,0.07635959
438,Goldberg,,Cy Goldberg,pa,101,GOLDBERG,,NA,19,0.811303164,0.033368684,0.099544861,0.029402786,0.026380505
439,Flaster,Eben,Eben S. Flaster,pa,101,FLASTER,EBEN,2,2,0.827728043,0.024778588,0.133457465,0.014035905,0
440,Moore,Syreeta,Syreeta J. Moore,pa,101,MOORE,SYREETA,1,56,0.200961063,0.73125149,0.033122906,0.007167462,0.027497079
441,Gonzalez,Sanjuanita,Sanjuanita Gonzalez,pa,101,GONZALEZ,SANJUANITA,1,19,0.008876467,0.006715603,0.978488423,0.004130137,0.00178937
442,Losier,Picard,Picard Losier,pa,101,LOSIER,PICARD,1,1,0.330123299,0.557559698,0.095484652,0.007583813,0.009248538
443,Shin,Joong,Joong Sik Shin,pa,101,SHIN,JOONG,1,1,0.005385988,0.005072307,0.003890987,0.974638383,0.011012336
444,Mella,Tahir,"Tahir Mella, Esq.",pa,101,MELLA,TAHIR,1,1,0.082955407,0.019986588,0.720741961,0.166002651,0.010313393
445,Lee,Shawane,Shawane Lassiter Lee,pa,101,LEE,SHAWANE,1,32,0.088493647,0.350171867,0.021762518,0.512834421,0.026737548
446,Weiss,Sol,Sol H. Weiss,pa,101,WEISS,SOL,3,17,0.823709862,0.028528091,0.090300342,0.027641801,0.029819905
447,Kennedy,Terance,Terance P. Kennedy,pa,101,KENNEDY,TERANCE,1,18,0.364815736,0.535960076,0.051731484,0.013809951,0.033682752
448,Law,Tsiwen,Tsiwen M. Law,pa,101,LAW,TSIWEN,1,1,0.226984142,0.471049259,0.033498855,0.24275647,0.025711275
449,Hollenbeck,Mistina,Mistina D. Hollenbeck,mo,1,HOLLENBECK,MISTINA,1,1,0.964433567,0.00042915,0.012602069,0.0050007,0.017534514
450,Lutjen,Audara,Audara Lynn Lutjen,mo,15,LUTJEN,AUDARA,1,1,0.983372066,0,0.004820446,0.002981001,0.008826488
451,Harrah,Desarae,Desarae G. Harrah,mo,15,HARRAH,DESARAE,1,2,0.976676334,0.000251902,0.010394512,0.001119095,0.011558158
452,Gibbs,Finley,Finley Dorough Gibbs,mo,19,GIBBS,FINLEY,1,11,0.68885587,0.23707797,0.02148532,0.011357138,0.041223703
453,Copeland,,L. G. Copeland,mo,19,COPELAND,,NA,4,0.688520062,0.236878635,0.020498716,0.010656605,0.04344598
454,Foley,Carlyle,Carlyle Foley,mo,19,FOLEY,CARLYLE,1,12,0.915670686,0.02637723,0.017729181,0.016089354,0.024133548
455,Thorne,Creath,Creath S Thorne,mo,21,THORNE,CREATH,1,1,0.831710024,0.080732176,0.049197769,0.004199529,0.034160502
456,Bauman,Elven,Elven K. Bauman,mo,37,BAUMAN,ELVEN,1,5,0.957639679,0.002180343,0.020671551,0.002454037,0.01705439
457,Hoefle,,Tr Hoefle,mo,37,HOEFLE,,NA,1,0.961991342,0.00105691,0.023748407,0.001402641,0.0118007
458,Craven,Kett,Kett R Craven,mo,47,CRAVEN,KETT,1,2,0.908431241,0.025169462,0.032117113,0.00687437,0.027407814
459,James,,"Mr. James James, J.D.",mo,77,JAMES,,NA,21,0.738791897,0.123403699,0.033549427,0.016623001,0.087631977
460,Devkota,Tarak,Tarak Devkota,mo,95,DEVKOTA,TARAK,1,1,0.027158399,0.005006309,0.005730718,0.917469019,0.044635556
461,Samani,Tyse,"Tyse Samani, J.D.",mo,95,SAMANI,TYSE,1,1,0.35681515,0.003634643,0.057534783,0.400703046,0.181312377
462,Edwards,Deryl,R. Deryl Edwards Jr.,mo,97,EDWARDS,DERYL,1,18,0.803911872,0.061946884,0.058682471,0.004202078,0.071256696
463,Gaither,,Ty Gaither,mo,97,GAITHER,,NA,1,0.775424039,0.081787033,0.059470116,0.003548732,0.079770079
464,Puchalla,Helge,Helge Michael Puchalla,mo,99,PUCHALLA,HELGE,1,1,0.974660884,0.000796524,0.004943207,0.004342146,0.015257239
465,Murphy,Aisling,Aisling A. Murphy,mo,183,MURPHY,AISLING,1,65,0.913147285,0.041296894,0.018250091,0.007424613,0.019881117
466,Blumenthal,Lopa,Lopa M. Blumenthal,mo,189,BLUMENTHAL,LOPA,1,7,0.936665095,0.012679385,0.021232391,0.016670397,0.012752731
467,Dotson,Celestine,Celestine Dotson,mo,510,DOTSON,CELESTINE,1,2,0.230133134,0.73236866,0.012226983,0.003511156,0.021760068
468,Newton,Talmage,Talmage E. Newton IV.,mo,510,NEWTON,TALMAGE,1,4,0.316422738,0.631365614,0.02019638,0.008427667,0.023587602
469,Padda,Harjot,Mr. Harjot Singh Padda,mo,510,PADDA,HARJOT,1,1,0.00721111,0.011220554,0.002582596,0.965534545,0.013451195
470,Gab,Derald,Derald L. Gab,mo,510,GAB,DERALD,1,1,0.674056836,0.215341808,0.099128975,0.007014038,0.004458344
471,Gherardini,Gilio,Gilio Gherardini,mo,510,GHERARDINI,GILIO,1,1,0.879996423,0.039609734,0.054701022,0.015708195,0.009984625
472,Jones,Freida,"Freida C. Jones, Esq.",mo,510,JONES,FREIDA,1,77,0.143809574,0.821774047,0.011256286,0.003726442,0.019433651
473,Hom,,Al. Hom,nj,1,HOM,,NA,1,0.106396852,0.004122238,0.026890978,0.787833881,0.074756051
474,Shur,Brenden,Brenden T. Shur,nj,1,SHUR,BRENDEN,2,2,0.897322803,0.016337855,0.022897548,0.034517643,0.028924151
475,Weinstock,,Ed Weinstock,nj,1,WEINSTOCK,,NA,2,0.960871345,0.006001742,0.016278923,0.00772075,0.00912724
476,Squitieri,Generoso,Generoso Squitieri,nj,3,SQUITIERI,GENEROSO,1,1,0.956401165,0.00172546,0.026650084,0.007503222,0.007720069
477,Morda,Sebastiano,Sebastiano N. Morda,nj,7,MORDA,SEBASTIANO,1,1,0.879795609,0.073885559,0.030983703,0.005952883,0.009382246
478,Ferrigno,Cherylann,Cherylann Ferrigno,nj,11,FERRIGNO,CHERYLANN,1,1,0.891640962,0.002643234,0.094514014,0.001041289,0.010160502
479,Pedersen,Jorden,Jorden N. Pedersen Jr.,nj,17,PEDERSEN,JORDEN,1,2,0.833455362,0.005076544,0.093340336,0.021662885,0.046464873
480,Gonzalez,Osualdo,Osualdo Gonzalez,nj,17,GONZALEZ,OSUALDO,1,19,0.009102282,0.001336171,0.985445834,0.002664266,0.001451447
481,Massar,Sheppard,Sheppard B. Massar,nj,21,MASSAR,SHEPPARD,1,1,0.922749982,0.001813375,0.028106542,0.020483519,0.026846583
482,Gordon,Anat,Anat Gordon,nj,23,GORDON,ANAT,1,37,0.654389906,0.246898597,0.038792842,0.019759832,0.040158823
483,McElroy,,Ed McElroy,nj,23,MCELROY,,NA,6,0.791209201,0.131461179,0.030770168,0.014428964,0.032130487
484,Advani,Vik,Vik Advani,nj,23,ADVANI,VIK,1,1,0.02743817,0.001089361,0.009270738,0.937796286,0.024405446
485,Lynch,Guiton,J Guiton Lynch,nj,23,LYNCH,GUITON,1,11,0.81575005,0.096770275,0.031294814,0.018299423,0.037885439
486,Shamy,,T.K. Shamy,nj,23,SHAMY,,NA,1,0.852131188,0.003951997,0.103552687,0.014870586,0.025493541
487,Kalson,Carolyne,Carolyne S. Kalson,nj,25,KALSON,CAROLYNE,1,1,0.960559967,0.001234911,0.01465435,0.021579463,0.001971309
488,Markus,Yale,Yale I. Markus,nj,25,MARKUS,YALE,3,3,0.960283682,0.00491838,0.017500704,0.005590397,0.011706836
489,Deitch,Tanis,Tanis B. Deitch,nj,25,DEITCH,TANIS,1,2,0.959425515,0.001990901,0.015768619,0.005667152,0.017147814
490,Hill,Bilal,"Bilal Hill, Esq., CPA, CGMA, CTP, MBA, CMA",nj,27,HILL,BILAL,1,27,0.874917317,0.070156822,0.01748775,0.006188234,0.031249878
491,Glanton,Luvell,Luvell Leigh Glanton,tn,37,GLANTON,LUVELL,1,2,0.189940399,0.74489865,0.023909772,0.015837663,0.025413515
492,Elkin,JulieKarel,Julie-Karel Elkin,tn,37,ELKIN,JULIEKAREL,1,1,0.823540523,0.024647572,0.109593634,0.019165294,0.023052978
493,Baltimore,LaDon,H. LaDon Baltimore,tn,37,BALTIMORE,LADON,1,1,0.176333622,0.744561349,0.037324212,0.005320709,0.036460109
494,Falls,Naill,H. Naill Falls Jr.,tn,37,FALLS,NAILL,1,1,0.542876742,0.358728027,0.046623125,0.014229192,0.037542914
495,Mayer,Minton,Minton P. Mayer,tn,37,MAYER,MINTON,1,8,0.84806193,0.024904186,0.077827156,0.02277304,0.026433688
496,Hefner,Kamie,Kamie L Hefner,tn,37,HEFNER,KAMIE,1,1,0.891139955,0.014798509,0.04621881,0.012392074,0.035450653
497,Caldwell,French,French Caldwell,tn,57,CALDWELL,FRENCH,1,9,0.958055437,0.007829049,0.013001107,0.000378548,0.020735859
498,Baird,Renfro,Renfro Blackburn Baird III,tn,59,BAIRD,RENFRO,1,4,0.970379395,0.003358552,0.011021679,0.001387085,0.01385329
499,Jones,Jacqulyn,Jacqulyn G. Jones,tn,63,JONES,JACQULYN,1,77,0.77032736,0.113457584,0.068477522,0.003146477,0.044591058
500,Henry,Alaric,Alaric A. Henry,tn,65,HENRY,ALARIC,1,13,0.56439975,0.359367697,0.026739124,0.009871244,0.039622185
501,Lattimore,Cashauna,Cashauna Lattimore,tn,93,LATTIMORE,CASHAUNA,1,1,0.418856292,0.49885873,0.022128473,0.002570857,0.057585648
502,Henderson,Flordia,Flordia M. Henderson,tn,157,HENDERSON,FLORDIA,1,19,0.212264376,0.741859597,0.021451617,0.004950957,0.019473452
503,Shaw,Miska,Miska L. Shaw,tn,157,SHAW,MISKA,1,18,0.332255492,0.599148731,0.026121834,0.021088405,0.021385538
504,Daniel,Lundy,Lundy W. Daniel,tn,157,DANIEL,LUNDY,2,11,0.254068572,0.633813755,0.054262599,0.039488098,0.018366976
505,Agee,Vester,Vester Neal Agee Jr.,tn,159,AGEE,VESTER,1,1,0.925792415,0.035717893,0.009470548,0.000565429,0.028453715
506,Dewitt,Kennan,Kennan M Dewitt,mi,49,DEWITT,KENNAN,1,3,0.849989875,0.102436154,0.017575808,0.002175438,0.027822725
507,Burger,Kimm,Kimm Burger,mi,59,BURGER,KIMM,1,5,0.981682532,0.000562211,0.007249885,0.000827915,0.009677457
508,Greydanus,Arjen,Arjen Greydanus,mi,65,GREYDANUS,ARJEN,1,1,0.96206941,0,0.011980674,0.015572382,0.010377534
509,Brander,Reynolds,Reynolds A. Brander,mi,81,BRANDER,REYNOLDS,1,1,0.90508426,0.004423061,0.065643754,0.003771859,0.021077065
510,Culbertson,Ladd,L. Ladd Culbertson,mi,81,CULBERTSON,LADD,1,1,0.891103459,0.021489204,0.056990112,0.006020392,0.024396833
511,Khan,Sajid,Sajid A. Khan,mi,115,KHAN,SAJID,1,2,0.248095493,0.017001578,0.045613821,0.568232145,0.121056963
512,Arabo,Alivia,Alivia Kassab Arabo,mi,125,ARABO,ALIVIA,1,1,0.872366451,0.033568351,0.033549487,0,0.06051571
513,Pugh,Pamelia,Pamelia Ann Pugh,mi,125,PUGH,PAMELIA,1,8,0.675783516,0.277269812,0.014724578,0.010764287,0.021457808
514,Salisbury,Daryle,Daryle G. Salisbury,mi,125,SALISBURY,DARYLE,1,2,0.913148289,0.031123408,0.019299694,0.015454459,0.02097415
515,Mitchell,Rohn,"Rohn H. Mitchell, P.C.",mi,125,MITCHELL,ROHN,1,33,0.614941207,0.321903011,0.020037795,0.011513185,0.031604802
516,Stokes,Joelynn,"Joelynn T. Stokes, Esq.",mi,125,STOKES,JOELYNN,1,9,0.588268419,0.357201523,0.020479655,0.008650194,0.025400208
517,Gordon,Mayer,Mayer B. Gordon,mi,125,GORDON,MAYER,1,37,0.646202633,0.288147221,0.024612785,0.01484158,0.02619578
518,Triantafillou,Gust,Gust Triantafillou,mi,145,TRIANTAFILLOU,GUST,1,1,0.974163229,0,0.017857845,0,0.007978926
519,Herrmann,Eldor,Eldor R. Herrmann,mi,145,HERRMANN,ELDOR,1,4,0.937898311,0.004694814,0.038316835,0.003150684,0.015939356
520,Martin,,F H Martin,mi,145,MARTIN,,NA,45,0.672887872,0.204472626,0.095706824,0.003859642,0.023073036
521,Silver,Gabi,Gabi Deborah Silver,mi,163,SILVER,GABI,1,5,0.550903517,0.362330884,0.038942721,0.009295067,0.038527812
522,Mullins,,J. D. Mullins,mi,163,MULLINS,,NA,4,0.702327917,0.241224495,0.025222471,0.004596736,0.02662838
523,Bakshi,Shikha,Shikha Bakshi,mi,163,BAKSHI,SHIKHA,1,1,0.081143719,0.00563379,0,0.885018513,0.028203978
524,Carpenter,Allegra,Allegra Carpenter,nm,1,CARPENTER,ALLEGRA,1,10,0.839908187,0.11528481,0.0214283,0.009232961,0.014145742
525,Crow,,B. J. Crow,nm,1,CROW,,NA,3,0.897878589,0.038691128,0.027703318,0.008695757,0.027031208
526,Baker,Caela,Caela J. Baker,nm,1,BAKER,CAELA,1,29,0.761497255,0.191981613,0.021942905,0.008881416,0.015696811
527,Lopez,Cid,Cid D. Lopez,nm,1,LOPEZ,CID,1,13,0.047901618,0.007830311,0.924017461,0.016714988,0.003535622
528,Weems,Dathan,Dathan Weems,nm,1,WEEMS,DATHAN,1,1,0.552001056,0.408929494,0.016966774,0.005651451,0.016451226
529,Westbrook,Duff,Duff H. Westbrook,nm,1,WESTBROOK,DUFF,1,4,0.660157955,0.293912138,0.021322484,0.007243288,0.017364135
530,Hammel,Hazen,Hazen H. Hammel,nm,1,HAMMEL,HAZEN,1,2,0.948407141,0.012378517,0.019532021,0.011613909,0.008068413
531,Devarakonda,Lalita,Lalita Devarakonda,nm,1,DEVARAKONDA,LALITA,1,1,0.003497661,0,0.003528862,0.990981937,0.00199154
532,Kelin,Zackeree,Zackeree Sean Kelin,nm,1,KELIN,ZACKEREE,1,1,0.865593222,0.031576675,0.077030232,0,0.025799871
533,Keefe,,M J Keefe,nm,1,KEEFE,,NA,8,0.955682921,0.003628286,0.02030444,0.011319801,0.009064553
534,Mokhtari,Alvand,Alvand Ali Mokhtari,oh,35,MOKHTARI,ALVAND,1,1,0.748953819,0.004613531,0.029906383,0.040833463,0.175692803
535,Leone,Denio,Denio A. Leone,oh,35,LEONE,DENIO,1,6,0.865542326,0.036764179,0.066567389,0.014417198,0.016708908
536,Haygood,Sebraien,Sebraien M. Haygood,oh,35,HAYGOOD,SEBRAIEN,1,1,0.325420738,0.627248289,0.02150277,0.005095731,0.020732471
537,Ruggles,West,West Moore Ruggles,oh,43,RUGGLES,WEST,1,1,0.957184879,0.002822944,0.022031446,0.00098601,0.01697472
538,Newbold,Garold,Garold L. Newbold,oh,45,NEWBOLD,GAROLD,2,2,0.901472881,0.058495818,0.015935693,0.003767697,0.020327911
539,Slagle,Ehren,Ehren W. Slagle,oh,49,SLAGLE,EHREN,1,1,0.908015414,0.005418439,0.044296163,0.014680506,0.027589477
540,Schulte,Kathaleen,Kathaleen B. Schulte,oh,49,SCHULTE,KATHALEEN,1,2,0.921489371,0.003836866,0.035911605,0.01638403,0.022378127
541,King,Tunney,Tunney Lee King,oh,49,KING,TUNNEY,1,41,0.531644662,0.362380534,0.036282023,0.026047473,0.043645309
542,Taylor,Catharin,Catharin R. Taylor,oh,61,TAYLOR,CATHARIN,1,55,0.450496054,0.49816738,0.016997704,0.005677927,0.028660935
543,Wang,Charleston,"Charleston C. K. Wang, Esquire",oh,61,WANG,CHARLESTON,1,5,0.017761944,0.00505934,0.002406954,0.961093863,0.013677897
544,Taylor,SannaRae,Sanna-Rae Taylor,oh,61,TAYLOR,SANNARAE,1,55,0.450496054,0.49816738,0.016997704,0.005677927,0.028660935
545,Robinson,Donielle,Donielle Robinson,oh,61,ROBINSON,DONIELLE,1,32,0.285424525,0.669890598,0.015339525,0.003967125,0.025378227
546,Wagner,Zebulon,Zebulon N. Wagner,oh,91,WAGNER,ZEBULON,2,9,0.969462533,0.00308176,0.008283401,0.001716023,0.017456284
547,Naegele,Jori,Jori Bloom Naegele,oh,93,NAEGELE,JORI,1,1,0.830648493,0.001013624,0.150311539,0.00540761,0.012618734
548,Jarrett,Evy,Evy M. Jarrett,oh,95,JARRETT,EVY,1,2,0.549797315,0.373914566,0.03833041,0.00359668,0.034361029
549,Alo,Ammar,"Ammar Alo, Esq.",oh,95,ALO,AMMAR,1,1,0.229606437,0.10590538,0.065595275,0.396073036,0.202819873
550,Owens,Alvarene,Alvarene Nethola Owens,oh,113,OWENS,ALVARENE,1,13,0.517907921,0.430078898,0.014101074,0.003283947,0.03462816
551,Stergios,Pericles,Pericles G. Stergios,oh,151,STERGIOS,PERICLES,1,1,0.955588498,0.01010837,0.008353027,0.007159698,0.018790407
552,Vasilatos,Spiros,Spiros Vasilatos Jr.,oh,153,VASILATOS,SPIROS,1,1,0.94922959,0,0.009058642,0.022850645,0.018861123
553,Kennedy,,"C F Kennedy III, Co., L.P.A.",oh,161,KENNEDY,,NA,18,0.954463111,0.009397552,0.020657473,0.000864578,0.014617286
554,Cox,Jannet,Jannet Douglas Cox,ms,1,COX,JANNET,1,21,0.685249192,0.216584892,0.070342589,0.002792705,0.025030622
555,Cox,Ancil,Ancil L. Cox Jr.,ms,11,COX,ANCIL,1,21,0.661309441,0.295621879,0.0224089,0.004548112,0.016111668
556,Brown,Maxie,Maxie Gene Brown,ms,23,BROWN,MAXIE,2,106,0.638480843,0.332729654,0.007257564,0.001029317,0.020502622
557,Pittman,,Ed Pittman Jr.,ms,31,PITTMAN,,NA,7,0.677749289,0.293000724,0.013565978,0.000943351,0.014740658
558,Brinkley,Haynes,Haynes Alexander Brinkley,ms,31,BRINKLEY,HAYNES,1,2,0.712965296,0.257635093,0.0141082,0.000730027,0.014561384
559,Braddock,Talmadge,Hon. Talmadge E. Braddock,ms,31,BRADDOCK,TALMADGE,3,2,0.852375461,0.115840953,0.017663904,0.001152992,0.012966691
560,Matthews,Jolly,Jolly W Matthews III,ms,31,MATTHEWS,JOLLY,1,15,0.678345044,0.288079819,0.016353449,0.001630707,0.01559098
561,Meacham,Malenda,Malenda Harris Meacham,ms,33,MEACHAM,MALENDA,1,2,0.919345767,0.021645536,0.032521517,0.007412268,0.019074912
562,Salu,Olufemi,Olufemi Gbolahan Salu,ms,33,SALU,OLUFEMI,1,1,0.1412616,0.289961808,0.075975509,0.459214605,0.033586478
563,Gunn,Corban,Corban Gunn,ms,47,GUNN,CORBAN,1,5,0.734852697,0.144436722,0.040350309,0.03048877,0.049871502
564,Lemoine,Thear,Thear J. Lemoine,ms,47,LEMOINE,THEAR,1,1,0.869341087,0.013099803,0.084465962,0.012048634,0.021044514
565,Laird,Gray,H. Gray Laird,ms,49,LAIRD,GRAY,2,3,0.763103615,0.181489736,0.024323214,0.0100535,0.021029934
566,Peterson,Gilson,Gilson Davis Peterson,ms,49,PETERSON,GILSON,1,28,0.645888918,0.299317194,0.020542476,0.009021486,0.025229926
567,Prince,Scherrie,Scherrie L. Prince,ms,49,PRINCE,SCHERRIE,1,5,0.372909922,0.575578279,0.019715574,0.007119192,0.024677033
568,Teller,Landman,Landman Teller Jr.,ms,55,TELLER,LANDMAN,1,3,0.831179573,0.071217652,0.018741028,0.005328776,0.07353297
569,McElwain,Camila,Camila Alexandra McElwain,ms,57,MCELWAIN,CAMILA,1,1,0.980636072,0.003444678,0.006186866,0.001106341,0.008626042
570,Luckey,Alwyn,Alwyn Luckey,ms,59,LUCKEY,ALWYN,1,2,0.677451018,0.219012325,0.050581268,0.009907842,0.043047546
571,Brame,Missy,Missy Brame,ms,61,BRAME,MISSY,2,1,0.57657254,0.401798583,0.006845809,0.000778886,0.014004182
572,Tabler,Bronson,B. Bronson Tabler,ms,81,TABLER,BRONSON,1,1,0.841853301,0.064420085,0.018011631,0.007026032,0.06868895
573,Wigginton,Missy,Missy Wigginton,ms,81,WIGGINTON,MISSY,2,1,0.939831031,0.03005509,0.016093451,0.003644823,0.010375605
574,Craig,York,C York Craig JR,ms,89,CRAIG,YORK,1,11,0.781101599,0.160332383,0.026072307,0.015094978,0.017398733
575,Simmons,Heber,Heber S. Simmons III.,ms,89,SIMMONS,HEBER,1,10,0.565963936,0.378300195,0.024910718,0.011500591,0.01932456
576,Burress,,R. H. Burress III,ms,117,BURRESS,,NA,2,0.927278902,0.047897197,0.006394766,0.000543055,0.017886079
577,Craft,Orbie,Orbie S. Craft,ms,121,CRAFT,ORBIE,2,2,0.903662075,0.062777743,0.014822423,0.004368925,0.014368834
578,Dyer,Gaines,Gaines S. Dyer,ms,151,DYER,GAINES,1,6,0.612924794,0.350800659,0.015078719,0.00532521,0.015870618
579,Swain,Kinney,Kinney M. Swain,ms,151,SWAIN,KINNEY,1,3,0.357227986,0.606400632,0.011539043,0.009337514,0.015494825
580,Johnson,Watts,Watts C Johnson,il,11,JOHNSON,WATTS,1,154,0.944938299,0.015006457,0.013044576,0.000869663,0.026141004
581,Romano,Rocci,Rocci L. Romano,il,21,ROMANO,ROCCI,1,9,0.986150143,0.000405605,0.008119703,0.001277293,0.004047256
582,Carvalho,Amarante,Amarante M. Carvalho,il,31,CARVALHO,AMARANTE,1,2,0.620326166,0.099130692,0.153509716,0.06536622,0.061667206
583,Tucker,Berry,Berry K Tucker,il,31,TUCKER,BERRY,1,13,0.499479423,0.426901704,0.036899014,0.006309478,0.03041038
584,Lott,Austen,Austen Lott,il,31,LOTT,AUSTEN,1,1,0.446942982,0.483032688,0.034208766,0.006564969,0.029250596
585,Katz,Aya,Aya Katz,il,31,KATZ,AYA,1,12,0.90948896,0.008977104,0.055653722,0.013127451,0.012752762
586,Glenn,Cleta,Cleta M Glenn,il,31,GLENN,CLETA,1,4,0.401739194,0.530893943,0.033402769,0.006171202,0.027792893
587,Hoerman,Tor,Tor A. Hoerman,il,31,HOERMAN,TOR,1,1,0.984060167,0,0.009724193,0,0.00621564
588,McNabb,Cambry,Cambry J. McNabb,il,31,MCNABB,CAMBRY,1,2,0.780580905,0.134807921,0.04828608,0.008311853,0.028013241
589,Sandquist,Elroy,Elroy C. Sandquist,il,31,SANDQUIST,ELROY,1,1,0.924618701,0.010499162,0.035425344,0.009660549,0.019796243
590,Dockery,Elfreda,Elfreda Dockery,il,31,DOCKERY,ELFREDA,1,1,0.449088921,0.493964105,0.029814554,0.003478425,0.023653995
591,Chadwick,Sturgis,Sturgis Elliot Chadwick III.,il,31,CHADWICK,STURGIS,1,2,0.779909767,0.123173076,0.057273585,0.008494982,0.03114859
592,Nesbitt,Linae,Linae M. Nesbitt,il,31,NESBITT,LINAE,1,2,0.383446713,0.556639028,0.029806545,0.006811723,0.023295992
593,Goyal,Parveen,Parveen K Goyal,il,31,GOYAL,PARVEEN,2,1,0.007301761,0.005346656,0.00316874,0.971957876,0.012224966
594,Vuckovic,Sladjana,Sladjana Vuckovic,il,31,VUCKOVIC,SLADJANA,1,1,0.963186365,0.014981807,0.01331864,0,0.008513187
595,Pavone,Ronze,Ronze J. Pavone,il,43,PAVONE,RONZE,1,1,0.930924846,0.000769714,0.038164757,0.015054409,0.015086273
596,Hart,Murphy,Murphy C. Hart,il,55,HART,MURPHY,1,20,0.97998451,0.002275426,0.001529775,0.000310829,0.01589946
597,Johnson,Andrewe,Andrewe W Johnson,il,57,JOHNSON,ANDREWE,1,154,0.887682606,0.085631963,0.003727787,0.00037376,0.022583885
598,Watson,Mart,C Mart Watson,il,59,WATSON,MART,2,22,0.969246036,0.004035306,0.001733081,0.000100321,0.024885255
599,Dorsey,,Ed Dorsey,il,77,DORSEY,,NA,4,0.461908544,0.476115462,0.00455538,0.002591401,0.054829214
600,Lorton,Laef,Laef Nicholas Lorton,il,83,LORTON,LAEF,1,1,0.96908785,0.000302256,0.001007339,0,0.029602556
601,Schwartz,Berle,Berle L. Schwartz,il,97,SCHWARTZ,BERLE,1,35,0.954356994,0.001998176,0.023115392,0.007644724,0.012884714
602,Wilson,Ludolph,Ludolph J Wilson,il,97,WILSON,LUDOLPH,1,58,0.77381281,0.136290244,0.036860175,0.009292137,0.043744633
603,Plaza,,Ed Plaza,il,111,PLAZA,,NA,2,0.309456662,0.001483884,0.652986399,0.027605557,0.008467497
604,Baig,Yasmeen,Yasmeen N. Baig,il,115,BAIG,YASMEEN,1,2,0.261267235,0.020958874,0.007162305,0.528398957,0.182212629
605,Johnson,,P.k. Johnson IV.,il,163,JOHNSON,,NA,154,0.425173077,0.536205164,0.003545091,0.001099119,0.033977548
606,Chatham,Grey,Grey Chatham,il,163,CHATHAM,GREY,1,1,0.835475971,0.122133185,0.005476289,0.003453815,0.033460741
607,Wuller,Ransom,Ransom P. Wuller,il,163,WULLER,RANSOM,1,1,0.93304065,0.036088197,0.00350108,0.004743922,0.022626151
608,Jones,Farley,W. Farley Jones,ny,1,JONES,FARLEY,1,77,0.663027719,0.295567767,0.005873503,0.002671644,0.032859368
609,Champion,Maxsen,Maxsen D. Champion,ny,11,CHAMPION,MAXSEN,1,2,0.932376757,0.043967357,0.006146674,0.00026567,0.017243542
610,Howell,Ally,"Ms. Ally Windsor Howell, LL.M.",ny,15,HOWELL,ALLY,1,18,0.924145909,0.050692589,0.002730047,0.000582032,0.021849424
611,Zeidan,Raji,Raji S. Zeidan,ny,27,ZEIDAN,RAJI,1,1,0.907319857,0.005294757,0.012751832,0.006349027,0.068284527
612,Bhargava,Ambar,Ambar Bhargava,ny,29,BHARGAVA,AMBAR,1,1,0.101999572,0.001688029,0.000478601,0.822730262,0.073103537
613,Nicolia,Attorney,"Attorney John P. Nicolia, Esq.",ny,29,NICOLIA,ATTORNEY,2,1,0.956011005,0.015501569,0.001764701,0.002434914,0.024287811
614,Griffin,Bradney,W. Bradney Griffin,ny,31,GRIFFIN,BRADNEY,1,19,0.933070244,0.049131175,0.002903403,0.000377662,0.014517516
615,Zilberberg,Mendel,Mendel Zilberberg,ny,47,ZILBERBERG,MENDEL,1,1,0.82085972,0,0.157213754,0.01330238,0.008624146
616,Stark,Lubov,"Lubov Stark, Esq.",ny,47,STARK,LUBOV,1,9,0.841418031,0.074357303,0.041137375,0.012336515,0.030750777
617,Levinsky,Anatta,Anatta Levinsky,ny,47,LEVINSKY,ANATTA,1,1,0.934225866,0,0.037947401,0.016881916,0.010944816
618,Karatas,Nigos,Nigos Karatas,ny,55,KARATAS,NIGOS,1,1,0.968550118,0.011278369,0.004618424,0.005010889,0.0105422
619,Ganguly,Anjan,Anjan Ganguly,ny,55,GANGULY,ANJAN,1,1,0.089684195,0.015754367,0.001306596,0.80228894,0.090965902
620,Capanna,Paloma,Paloma A Capanna,ny,55,CAPANNA,PALOMA,1,2,0.980653594,0.005017374,0.007409976,0.002229179,0.004689877
621,Siguenza,Teo,Teo Siguenza,ny,55,SIGUENZA,TEO,1,1,0.12259038,0.00918958,0.802521059,0.042383942,0.02331504
622,Slone,Ondine,Ondine Slone,ny,59,SLONE,ONDINE,1,2,0.957811181,0.012443627,0.009294069,0.006521003,0.01393012
623,Szul,Andrij,"Dr. Andrij V R Szul, P.C.",ny,59,SZUL,ANDRIJ,1,1,0.980325208,0.00554751,0.006248518,0.007878764,0
624,Farra,Chrysti,"Chrysti D. Farra, Esq.",ny,59,FARRA,CHRYSTI,1,1,0.937610997,0.00918067,0.033060298,0.005234515,0.01491352
625,Lefkowitz,Sol,Sol Lefkowitz,ny,59,LEFKOWITZ,SOL,3,3,0.975358754,0.001352497,0.013004672,0.004216528,0.006067549
626,Lee,Yuichi,Yuichi P Lee,ny,59,LEE,YUICHI,1,32,0.401051669,0.119148143,0.015532514,0.437501237,0.026766437
627,Wurtzel,Elan,Elan Wurtzel,ny,59,WURTZEL,ELAN,1,1,0.985328331,0,0.003608997,0.004550589,0.006512083
628,Taylor,Daivery,Daivery G. Taylor,ny,59,TAYLOR,DAIVERY,1,55,0.739534964,0.210250738,0.020498752,0.005883848,0.023831698
629,Menon,Appen,Appen P. Menon,ny,61,MENON,APPEN,1,1,0.027868608,0.001755841,0.007271317,0.945390082,0.017714152
630,Husain,Parveen,"Parveen Husain, Esq.",ny,61,HUSAIN,PARVEEN,2,1,0.074808798,0.024800663,0.007258172,0.849423734,0.043708633
631,Serle,Meigan,Meigan P. Serle,ny,61,SERLE,MEIGAN,1,1,0.897801256,0.018896967,0.030259156,0.032335767,0.020706854
632,Einhorn,Jaymie,Jaymie L. Einhorn,ny,61,EINHORN,JAYMIE,1,1,0.957830371,0.001077014,0.02966295,0.005528834,0.005900831
633,Schwartz,Mordecai,Mordecai T. Schwartz,ny,61,SCHWARTZ,MORDECAI,1,35,0.938673445,0.004714277,0.03242567,0.010450291,0.013736317
634,Thomas,Linden,Linden E. Thomas,ny,61,THOMAS,LINDEN,1,45,0.48522664,0.391187826,0.041059348,0.042149703,0.040376484
635,Fogel,Nussin,Nussin S. Fogel,ny,61,FOGEL,NUSSIN,1,2,0.892790371,0.011278947,0.061777532,0.013708484,0.020444667
636,Leblang,Skip,Skip A Leblang,ny,61,LEBLANG,SKIP,2,1,0.892060945,0.016595833,0.026574418,0.028398155,0.036370649
637,Bundy,Lakeeda,Lakeeda M. Bundy,ny,61,BUNDY,LAKEEDA,1,3,0.791601586,0.130053987,0.034314186,0.00921243,0.034817811
638,Bukowski,Hansen,J Hansen Bukowski,ny,61,BUKOWSKI,HANSEN,1,1,0.925164342,0.004263584,0.044035125,0.009484386,0.017052564
639,Silva,Zoilo,Zoilo I. Silva,ny,61,SILVA,ZOILO,1,5,0.219506298,0.01496217,0.723947417,0.02535045,0.016233666
640,Dervishi,Fatos,Fatos Dervishi,ny,61,DERVISHI,FATOS,1,1,0.963192307,0,0.0133703,0.014287871,0.009149523
641,McDermott,Mikaela,Mikaela A. McDermott,ny,61,MCDERMOTT,MIKAELA,2,7,0.892118616,0.027443589,0.045301973,0.015049092,0.02008673
642,Schulman,Mortimer,Mortimer Schulman,ny,61,SCHULMAN,MORTIMER,1,7,0.934681316,0.002027053,0.042708684,0.012048874,0.008534073
643,Jones,Daryll,Daryll Boyd Jones,ny,81,JONES,DARYLL,1,77,0.307379117,0.558618661,0.04199084,0.016211117,0.075800265
644,Sharma,Ankesh,"Ankesh Sharma, Esq.",ny,81,SHARMA,ANKESH,1,3,0.005707873,0.003176174,0.004539708,0.961369896,0.025206349
645,Garavito,Tulia,Tulia Garavito,ny,81,GARAVITO,TULIA,1,1,0.034240628,0.003544377,0.957088469,0,0.005126525
646,Popat,Seni,Seni Popat,ny,81,POPAT,SENI,1,1,0.014557493,0.000770342,0.013399898,0.943799039,0.027473228
647,Telemaque,YvesMerry,Yves-Merry Telemaque,ny,81,TELEMAQUE,YVESMERRY,1,1,0.014391006,0.887292544,0.047380131,0,0.050936319
648,Gallet,Regis,Regis A. Gallet,ny,81,GALLET,REGIS,3,1,0.750144798,0.016105251,0.169581575,0.040874023,0.023294353
649,Cohen,Orin,Orin J. Cohen,ny,85,COHEN,ORIN,1,53,0.917970916,0.036958163,0.030350862,0.006334523,0.008385536
650,Fiore,Fara,Fara M Fiore,ny,85,FIORE,FARA,1,4,0.941512612,0.002605384,0.043429764,0.005072604,0.007379635
651,Goldstein,Zev,Zev Goldstein,ny,87,GOLDSTEIN,ZEV,1,25,0.962260962,0.005173538,0.021187294,0.005183811,0.006194396
652,Nigro,Kyran,Kyran D. Nigro,ny,91,NIGRO,KYRAN,1,2,0.988058905,0.000198977,0.003200961,0.001525931,0.007015226
653,Hopkins,Lynelle,Lynelle Hopkins,ny,91,HOPKINS,LYNELLE,1,10,0.961686267,0.016442412,0.002399306,0.000966147,0.018505869
654,Matera,Michaelangelo,Michaelangelo Matera,ny,103,MATERA,MICHAELANGELO,1,1,0.970321418,0.001572103,0.024399378,0.000307091,0.00340001
655,Brandi,Enza,Enza M Brandi,ny,103,BRANDI,ENZA,1,1,0.886822496,0.002770585,0.090610744,0.003780445,0.01601573
656,Iannarone,Liberatore,Liberatore J. Iannarone,ny,103,IANNARONE,LIBERATORE,1,1,0.979182762,0.003813401,0.007491748,0.00372451,0.005787578
657,Miller,Raye,M Raye Miller,ny,103,MILLER,RAYE,2,101,0.918487588,0.045589361,0.018062656,0.002234609,0.015625786
658,Bartlett,Mayo,Mayo G Bartlett,ny,119,BARTLETT,MAYO,1,8,0.905538552,0.035016543,0.032699401,0.004982957,0.021762547
659,Varghese,Cherian,Cherian G. Varghese,ny,119,VARGHESE,CHERIAN,1,1,0.025486158,0.003207539,0.007726157,0.941238574,0.022341572
660,Gavic,Jorv,Jorv R Gavic,wi,33,GAVIC,JORV,1,1,0.983082233,0.000291862,0.012377604,0.004248301,0
661,Hart,Webster,Webster Allen Hart,wi,35,HART,WEBSTER,1,20,0.939689561,0.019784021,0.008225855,0.008685294,0.023615269
662,Wurtz,Ludwig,Ludwig L Wurtz,wi,39,WURTZ,LUDWIG,1,1,0.978040359,0.000233694,0.015581943,0.00095446,0.005189544
663,Domnitz,Merrick,Merrick R. Domnitz,wi,79,DOMNITZ,MERRICK,1,1,0.896641296,0,0.047360131,0.031470272,0.024528301
664,Skow,Ardell,Ardell W. Skow,wi,95,SKOW,ARDELL,1,1,0.970310539,0.000125456,0.007759397,0.000574762,0.021229846
665,Miller,Barb,Barb Miller,wi,109,MILLER,BARB,1,101,0.962418868,0.011278732,0.007414435,0.002572781,0.016315184
666,Laster,Earlean,Earlean A. Laster,wi,133,LASTER,EARLEAN,1,1,0.809190242,0.131854017,0.026842648,0.006759159,0.025353934
667,Erickson,Lewayne,Lewayne M. Erickson,sd,11,ERICKSON,LEWAYNE,1,9,0.963725225,0.002164933,0.013077241,0.017127373,0.003905228
668,Sommervold,Arlo,Arlo D. Sommervold,sd,99,SOMMERVOLD,ARLO,2,1,0.92630603,0,0.028447418,0.029387451,0.0158591
669,Hagg,Rexford,Rexford A Hagg,sd,103,HAGG,REXFORD,2,1,0.87826287,0.031529837,0.039084599,0.009107108,0.042015586
670,Katzman,Mariellen,Mariellen Katzman,in,11,KATZMAN,MARIELLEN,1,2,0.978750565,0.000198311,0.005556942,0.004391893,0.011102289
671,Avnet,Ary,Ary Avnet,in,57,AVNET,ARY,1,1,0.987300813,0.003474123,0,0,0.009225064
672,Austin,Maryland,Maryland L. Austin,in,61,AUSTIN,MARYLAND,1,10,0.951632926,0.014647106,0.008135892,0.001877931,0.023706146
673,Murphy,Benjamen,Benjamen W. Murphy,in,89,MURPHY,BENJAMEN,1,65,0.576334629,0.332387668,0.066369319,0.004537778,0.020370605
674,Lowe,Kaiser,Kaiser Lowe,in,89,LOWE,KAISER,1,6,0.429890565,0.473447994,0.061626455,0.011155789,0.023879198
675,Thorpe,Straley,Straley M Thorpe,in,89,THORPE,STRALEY,1,3,0.364126628,0.559429209,0.054041967,0.00317301,0.019229186
676,Hoover,Enos,Enos Ralph Hoover,in,97,HOOVER,ENOS,1,9,0.801893131,0.118209651,0.034708128,0.009025133,0.036163957
677,Waite,Coralette,Coralette D. Waite,in,97,WAITE,CORALETTE,1,2,0.658285792,0.259251888,0.038729141,0.009656181,0.034076997
678,Sarkisian,Arman,Arman G. Sarkisian,in,127,SARKISIAN,ARMAN,1,1,0.955861015,0.000239538,0.021983815,0.003541053,0.018374579
679,McClure,Tieyana,Tieyana M. McClure,in,127,MCCLURE,TIEYANA,1,4,0.908289812,0.031249274,0.033035671,0.004413745,0.023011498
680,Cockerill,Meeks,Mr. Meeks Cockerill,in,135,COCKERILL,MEEKS,1,1,0.978203845,3.86E-05,0.017177207,0.000619999,0.003960359
681,Viehe,Karolina,Karolina Viehe,in,163,VIEHE,KAROLINA,1,1,0.942704381,0,0.006883873,0,0.050411746
682,TRUE,Guthrie,J Guthrie True,ky,5,TRUE,GUTHRIE,1,1,0.961697354,0.004448243,0.008358663,0.005973555,0.019522186
683,Travis,Burr,Burr J. Travis,ky,15,TRAVIS,BURR,1,6,0.852268611,0.075185797,0.030927312,0.010875517,0.030742763
684,Adams,Eldred,Eldred E. Adams Jr.,ky,19,ADAMS,ELDRED,1,46,0.87798268,0.078497381,0.013209091,0.002389979,0.02792087
685,Dean,Hadden,J. Hadden Dean,ky,21,DEAN,HADDEN,1,15,0.771886724,0.162469156,0.02407585,0.007002563,0.034565706
686,Benthall,Deedra,Deedra Benthall,ky,21,BENTHALL,DEEDRA,1,1,0.589923568,0.369260781,0.01105126,0.001993779,0.027770611
687,McLaughlin,Artie,Artie McLaughlin,ky,29,MCLAUGHLIN,ARTIE,1,10,0.965503922,0.005778009,0.010710346,0.002570815,0.015436909
688,Wantland,Attorney,Attorney Scott Wantland,ky,29,WANTLAND,ATTORNEY,2,1,0.944358271,0.000260423,0.022660456,0.001414418,0.031306431
689,Amanda,Lisenby,Lisenby F. Amanda,ky,31,AMANDA,LISENBY,1,1,0.82061367,0.003786339,0.156141055,0.011125813,0.008333124
690,Easley,Sid,Sid Easley,ky,35,EASLEY,SID,1,3,0.755734472,0.17360731,0.019453664,0.011616201,0.039588353
691,Hawes,Lucius,Lucius Hawes,ky,47,HAWES,LUCIUS,1,2,0.598617813,0.325610435,0.034186758,0.006712455,0.034872539
692,Chewning,Sands,Sands M. Chewning,ky,47,CHEWNING,SANDS,1,1,0.852517959,0.077301249,0.032040924,0.003714761,0.034425106
693,Willis,Marcum,P. Marcum Willis,ky,59,WILLIS,MARCUM,1,15,0.71707834,0.212113951,0.021786012,0.003598948,0.04542275
694,Sims,Benham,Benham J. Sims III,ky,111,SIMS,BENHAM,1,6,0.278349649,0.670986672,0.020166851,0.004953805,0.025543023
695,Howland,Bixler,Bixler W. Howland,ky,111,HOWLAND,BIXLER,1,4,0.836863312,0.083145104,0.039238084,0.010060869,0.030692631
696,Tibbs,Krsna,Krsna Tibbs,ky,111,TIBBS,KRSNA,1,2,0.333613071,0.6113855,0.015997993,0.008197607,0.030805828
697,Srinivasan,Chandrika,Chandrika Srinivasan,ky,111,SRINIVASAN,CHANDRIKA,1,1,0.007817713,0.000991924,0.003868037,0.974900243,0.012422084
698,Raine,,J.d. Raine Jr.,ky,111,RAINE,,NA,1,0.486827808,0.428277497,0.032194781,0.011940742,0.040759172
699,Gaines,Lonita,Lonita Gaines,ky,111,GAINES,LONITA,1,5,0.19514358,0.756400216,0.018917379,0.003535017,0.026003809
700,Grafton,Mikell,Mikell T. Grafton,ky,111,GRAFTON,MIKELL,1,1,0.668318265,0.266529906,0.030795744,0.011490594,0.022865491
701,Adams,Kimberely,Kimberely Jo Adams,ky,117,ADAMS,KIMBERELY,1,46,0.811754042,0.124345294,0.023410312,0.0048898,0.035600552
702,Higgason,Maxie,Maxie E. Higgason Jr.,ky,121,HIGGASON,MAXIE,2,1,0.984704763,0.000611405,0.007834011,0.000822009,0.006027811
703,Kilgore,Lanna,Lanna Martin Kilgore,ky,227,KILGORE,LANNA,1,4,0.781702029,0.143789525,0.031164868,0.010658425,0.032685153
704,Butterfield,Lisanne,Lisanne M. Butterfield,or,5,BUTTERFIELD,LISANNE,1,1,0.943156272,0.013100204,0.013541147,0.007058939,0.023143438
705,Oliveros,Louren,Louren G. Oliveros,or,5,OLIVEROS,LOUREN,1,2,0.061807311,0.000902531,0.739989279,0.181638431,0.015662448
706,Yacob,Yosef,Yosef Yacob,or,5,YACOB,YOSEF,1,1,0.542746194,0.315848409,0.032085947,0.085244176,0.024075273
707,Glass,Foster,Foster A. Glass,or,17,GLASS,FOSTER,2,5,0.925761033,0.036255602,0.015451385,0.001195476,0.021336505
708,Harris,Jet,Jet Harris,or,39,HARRIS,JET,1,42,0.668273604,0.265534291,0.017242962,0.003608569,0.045340573
709,Ingraham,Aukjen,Aukjen T. Ingraham,or,51,INGRAHAM,AUKJEN,1,2,0.634060585,0.315467004,0.018118108,0.007489534,0.024864769
710,Rose,Krystin,Krystin Draper Rose,or,51,ROSE,KRYSTIN,1,16,0.631193375,0.31086616,0.022973432,0.010598741,0.024368291
711,Stalnaker,Thurl,Thurl Stalnaker Jr.,or,51,STALNAKER,THURL,1,1,0.905892368,0.039863301,0.0180606,0.010681564,0.025502167
712,Smith,Langdon,Langdon Smith,or,53,SMITH,LANGDON,1,184,0.844172048,0.082611113,0.028573008,0.003108134,0.041535698
713,Ricker,Jonel,Jonel K. Ricker,or,61,RICKER,JONEL,1,2,0.97290075,0.001749615,0.006322351,0.001340838,0.017686445
714,Dittman,Derryck,Derryck H. Dittman,or,67,DITTMAN,DERRYCK,1,1,0.896287282,0.03472989,0.037465145,0.018075379,0.013442303
715,Matthews,Ellison,Ellison M. Matthews,id,1,MATTHEWS,ELLISON,1,15,0.507977762,0.44915263,0.011789187,0.009368729,0.021711691
716,Robnett,Ausey,Ausey H. Robnett III.,id,55,ROBNETT,AUSEY,1,1,0.916707778,0.031921698,0.015925731,0.003426167,0.032018626
717,James,Leander,Leander L. James IV.,id,55,JAMES,LEANDER,1,21,0.682893542,0.228093906,0.012611956,0.008748492,0.067652104
718,Mosman,Wynn,Wynn R. Mosman,id,57,MOSMAN,WYNN,1,1,0.953406163,0,0.015425344,0.016568761,0.014599731
719,Singleton,Ranee,Ranee Singleton,nc,13,SINGLETON,RANEE,1,7,0.432543045,0.538918742,0.016100597,0.000530839,0.011906777
720,Kerr,,J. A. Kerr Jr.,nc,21,KERR,,NA,4,0.948207827,0.018828562,0.014676008,0.003390322,0.014897281
721,Primiano,Toniann,Toniann Primiano,nc,25,PRIMIANO,TONIANN,1,1,0.95417389,0.004498023,0.018319174,0.011325315,0.011683599
722,Wheatly,Claud,Claud R. Wheatly Jr.,nc,31,WHEATLY,CLAUD,1,1,0.901709563,0.057551902,0.014733388,0.002877555,0.023127592
723,Stephenson,Sundee,Sundee G. Stephenson,nc,31,STEPHENSON,SUNDEE,1,7,0.935565349,0.034486324,0.009291306,0.002303409,0.018353612
724,Wooten,Dal,Dal F. Wooten III,nc,49,WOOTEN,DAL,1,4,0.662387679,0.293615631,0.013844815,0.003497979,0.026653896
725,Stubbs,Trawick,Trawick H. Stubbs Jr.,nc,49,STUBBS,TRAWICK,1,3,0.645309072,0.30307121,0.023323385,0.00388014,0.024416192
726,Lane,Meleisa,Meleisa Lane,nc,51,LANE,MELEISA,1,14,0.600483386,0.306027901,0.028255309,0.007402831,0.057830573
727,Daughtry,Parrish,Parrish Hayes Daughtry,nc,51,DAUGHTRY,PARRISH,1,1,0.443850187,0.48858688,0.024001896,0.004396481,0.039164556
728,Stevens,,H. C. Stevens,nc,51,STEVENS,,NA,21,0.66497687,0.224777828,0.034853157,0.008146956,0.067245189
729,Vincent,Branch,Branch W. Vincent III,nc,55,VINCENT,BRANCH,1,7,0.946817849,0.013928373,0.021403357,0.003627493,0.014222928
730,Ludlum,Hayes,Hayes S. Ludlum,nc,61,LUDLUM,HAYES,2,1,0.940680269,0.004437343,0.04613474,0.001261252,0.007486396
731,Vann,Wood,H. Wood Vann,nc,63,VANN,WOOD,1,1,0.304840029,0.498369271,0.040346064,0.106443209,0.050001426
732,Brown,Evett,Evett Brown,nc,63,BROWN,EVETT,1,106,0.345624333,0.582056937,0.037426876,0.009765815,0.025126039
733,Hofler,Hayes,R. Hayes Hofler,nc,63,HOFLER,HAYES,2,1,0.421944718,0.492586414,0.039951398,0.025754744,0.019762726
734,Johnson,Crishon,Crishon Jordan Johnson,nc,65,JOHNSON,CRISHON,1,154,0.262450185,0.718556184,0.00804797,0.000396693,0.010548967
735,Falk,Nile,Nile K. Falk,nc,65,FALK,NILE,1,5,0.944136214,0.02333175,0.019862924,0.001552952,0.011116161
736,Peebles,Stafford,Stafford R. Peebles Jr.,nc,67,PEEBLES,STAFFORD,1,4,0.610859732,0.334424137,0.031052672,0.003850494,0.019812965
737,Mattox,Pressly,J. Pressly Mattox,nc,97,MATTOX,PRESSLY,1,1,0.845983338,0.11603792,0.016399336,0.004029979,0.017549427
738,Willis,Huntington,Huntington M. Willis,nc,101,WILLIS,HUNTINGTON,1,15,0.704478911,0.230669973,0.037653018,0.001452329,0.025745769
739,Whittington,Hampton,O. Hampton Whittington Jr.,nc,101,WHITTINGTON,HAMPTON,3,3,0.847107378,0.103696389,0.031739212,0.001306279,0.016150742
740,James,Lovett,Lovett R. James,nc,119,JAMES,LOVETT,1,21,0.374512135,0.519453603,0.041845615,0.024747668,0.03944098
741,Thompson,Cressier,Cressier A. Thompson,nc,119,THOMPSON,CRESSIER,1,46,0.566866614,0.352507943,0.037849831,0.012427128,0.030348484
742,Osho,Lucky,Mr Lucky Theophilus Osho,nc,119,OSHO,LUCKY,1,1,0,0.993451757,0.002690022,0.003858221,0
743,White,Woody,Woody White,nc,129,WHITE,WOODY,1,64,0.765271044,0.192005238,0.014891394,0.002688583,0.025143742
744,Robert,Cooper,Cooper Robert,nc,135,ROBERT,COOPER,2,1,0.724133124,0.081970779,0.057909466,0.113735374,0.022251256
745,Irons,Gib,Gib Irons,nc,147,IRONS,GIB,1,1,0.601577924,0.348248938,0.017559696,0.008001975,0.024611468
746,Pawloski,Zeinstra,B L Zeinstra Pawloski,nc,183,PAWLOSKI,ZEINSTRA,1,1,0.930753666,0.000942719,0.04651027,0.010315045,0.0114783
747,Rozier,Dekhasta,Dekhasta Becton Rozier,nc,183,ROZIER,DEKHASTA,1,1,0.395487017,0.546536725,0.021999927,0.012114816,0.023861515
748,Blue,Dhamian,Dhamian A. Blue,nc,183,BLUE,DHAMIAN,1,2,0.445323956,0.453254313,0.026678873,0.022433184,0.052309674
749,Breen,Rhyan,Rhyan Breen,nc,195,BREEN,RHYAN,1,7,0.80414727,0.150535179,0.032775681,0.003558462,0.008983408
750,Thomas,Whit,Whit A. Thomas,al,3,THOMAS,WHIT,1,45,0.746327925,0.157727318,0.032653911,0.018824598,0.044466249
751,Stein,Barker,G Barker Stein Jr.,al,3,STEIN,BARKER,1,9,0.958191167,0.002971798,0.021716875,0.003865608,0.013254552
752,Lowe,Braxton,Braxton Blake Lowe,al,3,LOWE,BRAXTON,1,6,0.862091605,0.06555601,0.027392885,0.010788014,0.034171486
753,Downs,Boozer,B. Boozer Downs Jr.,al,7,DOWNS,BOOZER,1,3,0.890699218,0.081623863,0.01313791,0.000649015,0.013889995
754,Rutland,Cooper,L. Cooper Rutland Jr.,al,11,RUTLAND,COOPER,2,1,0.297141425,0.65110668,0.041219925,0.000989536,0.009542434
755,Turner,Boice,T. Boice Turner Jr.,al,15,TURNER,BOICE,1,27,0.710006485,0.237478987,0.018975935,0.002867099,0.030671494
756,Lauderdale,Lauryn,Lauryn Akens Lauderdale,al,17,LAUDERDALE,LAURYN,1,1,0.571585858,0.393272949,0.012100711,0.003234629,0.019805852
757,Gaines,Shaw,L. Shaw Gaines,al,27,GAINES,SHAW,1,5,0.60021047,0.334311364,0.020405792,0.000553581,0.044518792
758,Shirley,Griffin,Griffin Merrill Shirley,al,31,SHIRLEY,GRIFFIN,1,5,0.817619542,0.052982839,0.033526931,0.006737052,0.089133636
759,Duplechin,Durward,Durward James Duplechin,al,35,DUPLECHIN,DURWARD,1,1,0.834984034,0.157858524,0.00282493,0.000340541,0.003991971
760,Blythe,Bishop,Bishop Derrick Blythe,al,37,BLYTHE,BISHOP,1,3,0.857293642,0.108545959,0.012334865,0.000477176,0.021348357
761,Barnes,Scears,W. Scears Barnes Jr.,al,37,BARNES,SCEARS,1,17,0.627467695,0.341361191,0.011780273,0.000499285,0.018891557
762,Little,Zebulon,Zebulon Peyton Little,al,43,LITTLE,ZEBULON,2,11,0.942879942,0.009249792,0.02161756,0.001653167,0.024599539
763,Dowling,Westervelt,B Westervelt Dowling,al,61,DOWLING,WESTERVELT,1,3,0.934626246,0.021608837,0.021881948,0.001209164,0.020673805
764,Shealy,Steadman,Steadman S. Shealy Jr.,al,61,SHEALY,STEADMAN,1,1,0.958933915,0.020614829,0.00815313,0.000627385,0.011670742
765,Huskey,Dow,Dow Thobern Huskey Jr.,al,69,HUSKEY,DOW,1,2,0.866461735,0.080561381,0.013790171,0.005098337,0.034088376
766,Zimmermann,Diandra,Diandra S. Debrosse Zimmermann,al,73,ZIMMERMANN,DIANDRA,1,3,0.919255864,0.013492069,0.042224637,0.014137082,0.010890349
767,Knott,Conley,Conley W. Knott,al,73,KNOTT,CONLEY,1,2,0.732816523,0.217278656,0.026795047,0.00698479,0.016124983
768,Mathews,Darold,Darold A. Mathews,al,73,MATHEWS,DAROLD,1,3,0.624545246,0.268042585,0.030632758,0.056229239,0.020550172
769,Liddon,Flint,Flint Liddon,al,73,LIDDON,FLINT,1,1,0.92033368,0.036874076,0,0.028022373,0.014769871
770,Macon,Allston,J. Allston Macon III,al,73,MACON,ALLSTON,1,1,0.191485649,0.7641651,0.019494165,0.004091627,0.02076346
771,Gathings,Honora,Honora McKeown Gathings,al,73,GATHINGS,HONORA,1,2,0.311592864,0.647012245,0.028326041,0.003126508,0.009942342
772,Prchal,Honza,Honza Jan Ferdinand Prchal,al,73,PRCHAL,HONZA,1,1,0.946714061,0.008354569,0.027510251,0.006349036,0.011072084
773,Dodd,Hube,Hube Dodd,al,73,DODD,HUBE,1,6,0.743629571,0.198103753,0.027984763,0.010723231,0.019558682
774,Horn,Allwin,Hon. Allwin E. Horn III.,al,73,HORN,ALLWIN,1,7,0.773262866,0.163802576,0.026076222,0.014103096,0.02275524
775,Worley,Strickland,J Strickland Worley,al,73,WORLEY,STRICKLAND,1,1,0.842591097,0.105868754,0.024929581,0.007449512,0.019161055
776,Isom,,J. O. Isom,al,75,ISOM,,NA,1,0.782004926,0.179926405,0.007409556,0.000213292,0.030445821
777,Gross,Milburn,Milburn Gross,al,89,GROSS,MILBURN,1,13,0.836672906,0.094251925,0.029006783,0.011466112,0.028602274
778,Hamilton,Fulton,Fulton S. Hamilton,al,89,HAMILTON,FULTON,1,21,0.693712343,0.216610841,0.029072241,0.011933986,0.048670589
779,Sellers,Sebie,Sebie G. Sellers,al,91,SELLERS,SEBIE,1,3,0.580724114,0.393352526,0.010227052,0.001343462,0.014352846
780,Wood,Staples,N. Staples Wood,al,97,WOOD,STAPLES,1,20,0.857018187,0.080816175,0.016441479,0.01169017,0.034033988
781,Boteler,Knox,J. Knox Boteler III.,al,97,BOTELER,KNOX,1,1,0.95613407,0.00104294,0.010674198,0.020189157,0.011959635
782,Rainey,Bratton,L. Bratton Rainey III,al,97,RAINEY,BRATTON,1,4,0.541959258,0.409206105,0.011885303,0.00534779,0.031601544
783,Braswell,Kasie,Kasie Moore Braswell,al,97,BRASWELL,KASIE,1,2,0.613875572,0.338063272,0.013657239,0.007444738,0.026959179
784,Hosea,Vania,Vania L. Hosea,al,101,HOSEA,VANIA,1,1,0.292522979,0.581178526,0.040470819,0.073648066,0.01217961
785,Jackson,Lorren,Lorren Bailey Jackson,al,101,JACKSON,LORREN,1,29,0.163358557,0.793129775,0.016680968,0.005158305,0.021672396
786,Funderburg,Erskine,Erskine R Funderburg Jr.,al,115,FUNDERBURG,ERSKINE,1,1,0.9121307,0.060377264,0.009017471,0.002722403,0.015752162
787,Key,Foster,Foster D. Key,al,117,KEY,FOSTER,2,2,0.820098024,0.099889107,0.039871661,0.01510972,0.025031488
788,Mitchell,Eason,W. Eason Mitchell,al,125,MITCHELL,EASON,1,33,0.58789397,0.365537773,0.019304592,0.005049327,0.022214338
789,Waters,Zondra,Zondra Hutto Waters,al,125,WATERS,ZONDRA,1,7,0.719346282,0.236632149,0.0190036,0.005993142,0.019024826
790,Ivey,Garfield,Garfield Woodrow Ivey Jr.,al,127,IVEY,GARFIELD,1,4,0.916689771,0.047888764,0.010535152,0.00117162,0.023714693
791,Patel,Devanshi,Devanshi Patel,va,13,PATEL,DEVANSHI,1,6,0.012183154,0.000964408,0.004945644,0.966840959,0.015065835
792,Slominski,Jaleh,"Jaleh K. Slominski, Esquire",va,19,SLOMINSKI,JALEH,1,1,0.992484063,0.000143789,0.002975131,0.001143843,0.003253173
793,Johnston,Whitaker,Whitaker Rustel Johnston,va,19,JOHNSTON,WHITAKER,1,16,0.979281524,0.005525006,0.004039073,0.000983028,0.010171369
794,Natkin,Hyman,Hyman David Natkin,va,23,NATKIN,HYMAN,1,1,0.998418145,0.000845987,0.000735869,0,0
795,Overbey,Hutchings,W Hutchings Overbey Jr.,va,31,OVERBEY,HUTCHINGS,1,2,0.941120012,0.043521737,0.002862799,0.000927458,0.011567994
796,Harris,Welford,Welford Lee Harris Jr.,va,41,HARRIS,WELFORD,1,42,0.491776036,0.455263063,0.019624769,0.002647575,0.030688557
797,Fischel,Jud,Jud A. Fischel,va,47,FISCHEL,JUD,1,1,0.933896459,0,0.054865806,0,0.011237736
798,Patel,Bhavik,"Bhavik D. Patel, Esq.",va,59,PATEL,BHAVIK,1,6,0.005766744,0.000577802,0.002829315,0.98139206,0.00943408
799,Weinstein,Elanna,Elanna Weinstein,va,59,WEINSTEIN,ELANNA,1,17,0.905216131,0.001205633,0.052315795,0.026414946,0.014847495
800,Bose,Sudeep,Sudeep Bose,va,59,BOSE,SUDEEP,1,1,0.247312202,0.016003153,0.026684588,0.687690732,0.022309324
801,Craig,Graven,Mr. Graven Winslow Craig,va,65,CRAIG,GRAVEN,1,11,0.86290871,0.10843862,0.00794561,0.00056241,0.02014465
802,Marchant,Reilly,W. Reilly Marchant,va,87,MARCHANT,REILLY,1,1,0.898230826,0.027733123,0.039926993,0.010402305,0.023706753
803,Bain,Penn,R. Penn Bain,va,107,BAIN,PENN,2,2,0.856116298,0.035212572,0.038981936,0.030282974,0.03940622
804,Landingham,Gaynor,Gaynor Van Landingham,va,133,LANDINGHAM,GAYNOR,1,1,0.580660453,0.396106783,0.004041554,0.000141404,0.019049806
805,Stickley,Dillina,Dillina Wimer Stickley,va,165,STICKLEY,DILLINA,1,1,0.984160172,0.000686344,0.007397503,0.000486617,0.007269363
806,Conway,,B. L. Conway II,va,191,CONWAY,,NA,12,0.983034683,0.006630872,0.003369937,0.000350665,0.006613843
807,Miller,Lowry,Lowry J. Miller,va,510,MILLER,LOWRY,1,101,0.778108223,0.134745888,0.049569756,0.006632549,0.030943585
808,Maloof,Farahe,Farahe Paul Maloof,va,510,MALOOF,FARAHE,1,1,0.840460826,0.011496984,0.105087443,0.013727694,0.029227054
809,Atkinson,,Ed Atkinson,va,710,ATKINSON,,NA,7,0.590875744,0.337508487,0.035830956,0.003683172,0.032101641
810,Powers,Sherrise,Sherrise Powers,va,710,POWERS,SHERRISE,1,10,0.785954079,0.146597802,0.025853101,0.005124997,0.036470022
811,White,Johneal,Johneal M. White,va,770,WHITE,JOHNEAL,1,64,0.571612371,0.379802156,0.015175287,0.001432574,0.031977612
812,Moses,Easter,Easter P. Moses,va,770,MOSES,EASTER,1,4,0.470042638,0.454776246,0.016222554,0.005807681,0.053150881
813,Eakin,Lenden,Lenden A. Eakin,va,770,EAKIN,LENDEN,1,2,0.956220291,0.005598449,0.015591591,0.001955886,0.020633783
814,Speight,Jonnie,Jonnie L. Speight,va,770,SPEIGHT,JONNIE,1,2,0.378643261,0.585931896,0.011489939,0.001042982,0.022891921
815,Parks,Kellam,Kellam T. Parks,va,810,PARKS,KELLAM,1,7,0.687127656,0.247335838,0.017183518,0.00654149,0.041811497
816,Morrison,Ware,W. Ware Morrison,va,810,MORRISON,WARE,1,13,0.784337592,0.147330489,0.020795785,0.006771511,0.040764623
817,Waheed,Babar,Babar Waheed,co,5,WAHEED,BABAR,1,1,0.046641901,0.259960433,0.005100047,0.650248297,0.038049321
818,Weill,Leopold,Leopold Weill III,co,5,WEILL,LEOPOLD,1,2,0.918106768,0.008429481,0.032047743,0.019396242,0.022019766
819,Gutierrez,Natacha,Natacha M. Gutierrez,co,5,GUTIERREZ,NATACHA,1,5,0.045243595,0.006817986,0.913599907,0.02830344,0.006035072
820,Porter,Satima,"Satima Porter, Esq.",co,5,PORTER,SATIMA,1,13,0.459876823,0.488815599,0.016246781,0.007532521,0.027528276
821,Lindquist,Mahlia,Mahlia Lindquist,co,13,LINDQUIST,MAHLIA,1,1,0.960817797,0.001379599,0.011652343,0.009627786,0.016522476
822,Williams,Ezekiel,Ezekiel J. Williams,co,31,WILLIAMS,EZEKIEL,1,99,0.205523465,0.745175014,0.02313227,0.003360871,0.02280838
823,Heymann,Lonn,Lonn Heymann,co,31,HEYMANN,LONN,1,2,0.800158244,0.052634261,0.128093093,0.01027661,0.008837791
824,Martin,,J.c. Martin III.,co,41,MARTIN,,NA,45,0.695081128,0.218242113,0.036619735,0.008565788,0.041491236
825,Gielarowski,Machelle,Machelle Gielarowski,co,41,GIELAROWSKI,MACHELLE,1,1,0.975123308,0,0.010174287,0.014702405,0
826,Crane,Bethiah,Bethiah Beale Crane,co,67,CRANE,BETHIAH,1,5,0.928196768,0.003492265,0.013380672,0.001142636,0.053787659
827,Vick,,J. J. Vick,co,69,VICK,,NA,2,0.944616214,0.025444922,0.011621354,0.002797992,0.015519518
828,Becker,Cobea,"Cobea E. Becker, Esq.",co,101,BECKER,COBEA,1,13,0.921093849,0.002894641,0.058630363,0.002290342,0.015090805
829,Zweig,Maryjo,Maryjo C. Zweig,co,117,ZWEIG,MARYJO,1,1,0.972544407,0.000775293,0.021438232,0.001686059,0.003556009
830,Marin,Bayard,Bayard Marin,de,3,MARIN,BAYARD,1,4,0.098786046,0.011247059,0.875443751,0.010402622,0.004120523
831,Walsh,Neilli,Neilli Mullen Walsh,de,3,WALSH,NEILLI,1,22,0.938189438,0.012983173,0.024753466,0.009289104,0.014784819
832,Reich,Tevis,Tevis Steven Reich,az,5,REICH,TEVIS,1,3,0.871391462,0.001445154,0.012052275,0.002598907,0.112512202
833,Porter,Bernald,Bernald C. Porter,az,13,PORTER,BERNALD,1,13,0.655902144,0.297552028,0.023027868,0.006458182,0.017059778
834,Owens,,C. D. Owens Jr.,az,13,OWENS,,NA,13,0.626469838,0.331009088,0.020285553,0.00420426,0.018031261
835,Strub,DeeAn,DeeAn Gillespie Strub,az,13,STRUB,DEEAN,1,1,0.954283994,0.007508217,0.021133877,0.006662223,0.010411689
836,Hendricks,,Ed Hendricks Jr.,az,13,HENDRICKS,,NA,2,0.738363296,0.207848917,0.026644143,0.006705095,0.020438549
837,Becker,Mathis,Mathis Becker,az,13,BECKER,MATHIS,1,13,0.953014284,0.006395973,0.022994164,0.008137024,0.009458555
838,Marshall,Mishka,Mishka L. Marshall,az,13,MARSHALL,MISHKA,1,14,0.629392971,0.321140795,0.024164791,0.006786585,0.018514857
839,Diaz,Otilia,Ms. Otilia M. Diaz,az,13,DIAZ,OTILIA,1,6,0.05261617,0.008070297,0.922057402,0.014809539,0.002446592
840,Reque,Vyvian,Vyvian Reque,az,13,REQUE,VYVIAN,1,1,0.500124606,0.007890434,0.390630823,0.078718858,0.022635278
841,Durazzo,Patric,Patric E. Durazzo,az,19,DURAZZO,PATRIC,1,1,0.713009906,0.00860083,0.242589473,0.028366179,0.007433612
842,Khalidi,Thabet,Thabet Nazif Khalidi,az,19,KHALIDI,THABET,1,1,0.702715264,0.01247228,0,0.274032787,0.010779668
843,Hinderaker,Nicci,Nicci Hinderaker,az,19,HINDERAKER,NICCI,1,1,0.96165995,0.008835768,0.012153942,0.009713674,0.007636666
844,Anderson,Berndt,Berndt W Anderson,ri,3,ANDERSON,BERNDT,1,63,0.921758245,0.05129794,0.006422271,0.004402237,0.016119307
845,Hagopian,Smith,N. Smith Hagopian,wa,7,HAGOPIAN,SMITH,1,2,0.913152592,0.000179619,0.073612228,0.000608916,0.012446646
846,Bergdahl,Crane,R Crane Bergdahl,wa,21,BERGDAHL,CRANE,1,1,0.985272023,0,0.013591407,0,0.001136569
847,Skinner,Christon,Christon Skinner,wa,29,SKINNER,CHRISTON,1,10,0.874310628,0.088530176,0.011849059,0.002881449,0.022428688
848,Stephens,Roderik,J. Roderik Stephens,wa,33,STEPHENS,RODERIK,1,9,0.614182688,0.333300641,0.01876469,0.008518441,0.025233539
849,Ham,YoungJi,Young-Ji Ham,wa,33,HAM,YOUNGJI,1,1,0.504606636,0.174690422,0.024994514,0.278625911,0.017082516
850,Sessler,Cashton,Cashton Louis Sessler,wa,33,SESSLER,CASHTON,1,1,0.891294912,0.034276862,0.021945727,0.036530324,0.015952174
851,Ramsey,Maridith,Maridith Ramsey,wa,33,RAMSEY,MARIDITH,1,5,0.667513684,0.279561597,0.018751975,0.008789503,0.025383242
852,Milonas,Courtnei,Courtnei D. Milonas,wa,33,MILONAS,COURTNEI,1,1,0.950512383,0.009918025,0.022911718,0.011191833,0.005466041
853,Pignataro,Fiore,Fiore Joseph Pignataro,wa,33,PIGNATARO,FIORE,1,1,0.910120643,0.003147973,0.056154138,0.013987099,0.016590147
854,Wegener,Stryder,Stryder J. Wegener,wa,33,WEGENER,STRYDER,1,1,0.94439685,0.00626422,0.018329974,0.011265832,0.019743124
855,Certa,Pellergrino,Pellergrino L Certa,wa,33,CERTA,PELLERGRINO,1,1,0.804934915,0.011018215,0.153451108,0.012433325,0.018162436
856,Singleton,Dalynne,Dalynne Singleton,wa,35,SINGLETON,DALYNNE,1,7,0.550088609,0.394036943,0.013424502,0.003096862,0.039353084
857,LaCross,Jeniece,Jeniece LaCross,wa,35,LACROSS,JENIECE,1,1,0.965766739,0.001404142,0.013924332,0.001411976,0.017492811
858,Harris,Leyna,Leyna Danielle Harris,wa,35,HARRIS,LEYNA,1,42,0.601265956,0.335400371,0.013463628,0.003739506,0.04613054
859,Willingham,Sherelle,Sherelle A. Willingham,wa,45,WILLINGHAM,SHERELLE,1,2,0.832937945,0.104204631,0.022645365,0.001145723,0.039066335
860,Johnson,Bertil,Bertil F. Johnson,wa,53,JOHNSON,BERTIL,1,154,0.440189301,0.505067799,0.014809555,0.003876685,0.036056659
861,Luedtke,Sherilee,Sherilee M. Luedtke,wa,53,LUEDTKE,SHERILEE,1,1,0.955046351,0.004863446,0.016489336,0.004500612,0.019100255
862,Wilson,Rogers,Rogers Wilson Jr.,wa,53,WILSON,ROGERS,1,58,0.536053989,0.404111834,0.01746098,0.00459215,0.037781047
863,Hammer,Kearney,Kearney Lee Hammer,wa,57,HAMMER,KEARNEY,1,4,0.938160521,0.001455236,0.035397118,0.001248466,0.023738659
864,Armitage,Nikalous,Nikalous O. Armitage,wa,63,ARMITAGE,NIKALOUS,1,1,0.956034544,0.003710394,0.00799329,0.003306369,0.028955403
865,Motoyama,StacieDee,Stacie-Dee M. Motoyama,wa,67,MOTOYAMA,STACIEDEE,1,1,0.046169433,0.00458598,0.030406572,0.798740892,0.120097123
866,Strubhar,Khristan,Khristan K Strubhar,ok,17,STRUBHAR,KHRISTAN,1,1,0.951043869,0,0.033295195,0.009135972,0.006524964
867,Matheson,Dorraine,Dorraine K Matheson,ok,17,MATHESON,DORRAINE,1,3,0.947474656,0.00768729,0.015166468,0.014660325,0.015011261
868,Rozell,Carolie,Carolie E Rozell,ok,27,ROZELL,CAROLIE,1,1,0.925765969,0.029574917,0.013197316,0.005199497,0.026262302
869,Blackledge,Lynsey,Lynsey N. Blackledge,ok,27,BLACKLEDGE,LYNSEY,1,1,0.89434642,0.064702666,0.013628602,0.013272712,0.0140496
870,Franks,,J. L. Franks,ok,37,FRANKS,,NA,2,0.921753462,0.036511494,0.007764235,0.001141798,0.03282901
871,Stallings,Thorne,G. Thorne Stallings Jr.,ok,51,STALLINGS,THORNE,1,2,0.888942346,0.080320763,0.012328052,0.000778578,0.017630261
872,Kelly,,M E Kelly,ok,101,KELLY,,NA,39,0.679997909,0.257296439,0.016201233,0.002042357,0.044462062
873,Helms,Conner,Conner L Helms,ok,109,HELMS,CONNER,2,4,0.850485188,0.099955257,0.029656606,0.005946582,0.013956367
874,Nix,Glendell,Glendell D. Nix,ok,109,NIX,GLENDELL,1,4,0.6724416,0.267074529,0.037897724,0.00706174,0.015524407
875,Rowland,Geremy,Geremy Austin Rowland,ok,109,ROWLAND,GEREMY,1,4,0.769764259,0.159753246,0.043590427,0.010316885,0.016575183
876,Jarman,Jeramy,Jeramy Wayne Jarman,ok,109,JARMAN,JERAMY,1,1,0.749967686,0.191926716,0.037363489,0.009264207,0.011477901
877,Shoemake,Bransford,Bransford Shoemake,ok,113,SHOEMAKE,BRANSFORD,1,2,0.823597557,0.069736254,0.006453437,0.000723615,0.099489138
878,Jacobs,Daimon,C.w. Daimon Jacobs,ok,113,JACOBS,DAIMON,1,28,0.659805861,0.24500433,0.007723677,0.00083218,0.086633953
879,Taylor,Stratton,Stratton Taylor,ok,131,TAYLOR,STRATTON,1,55,0.876136788,0.046111655,0.012895581,0.004266331,0.060589646
880,Buckholts,,E J Buckholts II,ok,137,BUCKHOLTS,,NA,1,0.818156699,0.14510647,0.011168975,0.004350273,0.021217582
881,Allen,Kayle,Kayle L. Allen,ok,143,ALLEN,KAYLE,1,51,0.590501657,0.350637039,0.028330305,0.006470976,0.024060023
882,DoRemus,Terrel,Terrel B. DoRemus,ok,143,DOREMUS,TERREL,1,1,0.935846711,0.019231233,0.029296253,0.003792132,0.011833671
883,Riffel,Katresa,Katresa J. Riffel,ok,153,RIFFEL,KATRESA,1,1,0.957308892,0.000881695,0.033415804,0.00249651,0.005897099
884,Collins,Britannica,Britannica D Aja Collins,nv,3,COLLINS,BRITANNICA,1,30,0.642936154,0.294571863,0.027493577,0.005910321,0.029088084
885,Potter,Cal,Cal J. Potter III,nv,3,POTTER,CAL,1,7,0.861539868,0.072582029,0.029979478,0.007277007,0.028621618
886,Levy,Monti,Monti Jordana Levy,nv,3,LEVY,MONTI,1,13,0.7352723,0.176217976,0.05884417,0.010606746,0.019058807
887,Jolley,Gardner,R. Gardner Jolley,nv,3,JOLLEY,GARDNER,1,1,0.840387286,0.097173275,0.027255148,0.008125205,0.027059086
888,Smith,Radford,Radford J. Smith,nv,3,SMITH,RADFORD,1,184,0.634864607,0.302693183,0.026643192,0.006014863,0.029784155
889,Enriquez,Merielle,Merielle Enriquez,nv,3,ENRIQUEZ,MERIELLE,1,1,0.032634541,0.006498702,0.866368362,0.085949264,0.00854913
890,Siepmann,Willi,Willi H. Siepmann,nv,3,SIEPMANN,WILLI,1,1,1,0,0,0,0
891,Winesett,Shann,Shann D. Winesett,nv,3,WINESETT,SHANN,1,1,0.953660391,0.011500495,0.024276546,0.010562569,0
892,Hibbs,Loyal,Loyal Robert Hibbs,nv,31,HIBBS,LOYAL,1,1,0.954779131,0.002609445,0.019571317,0.003081361,0.019958746
893,Thompson,Cresalia,M M Cresalia Thompson,nv,31,THOMPSON,CRESALIA,1,46,0.870238572,0.067475305,0.021346896,0.004277673,0.036661553
894,Williams,Day,Day R. Williams,nv,31,WILLIAMS,DAY,1,99,0.74202112,0.177516746,0.027762115,0.004489607,0.048210412
895,Vonseggern,,O. Wm Vonseggern,ne,79,VONSEGGERN,,NA,1,0.965870106,0.001442193,0.010510419,0.011967304,0.010209977
896,Holsten,Brynne,Brynne E. Holsten,ne,109,HOLSTEN,BRYNNE,1,1,0.927229356,0.016788072,0.02171476,0.011806634,0.022461179
897,Bruckner,,M. J. Bruckner,ne,109,BRUCKNER,,NA,1,0.945605388,0.003341121,0.01305645,0.008558357,0.029438685
898,Quinn,Kirke,Kirke C Quinn,ia,15,QUINN,KIRKE,1,17,0.950426335,0.022907356,0.010395943,0.001349112,0.014921255
899,Longmuir,,R. J. Longmuir,ia,19,LONGMUIR,,NA,1,0.990743034,0.000389812,0.006444935,0,0.002422219
900,Hook,Trever,Trever Tom Hook,ia,49,HOOK,TREVER,1,2,0.916904674,0.019393182,0.030005832,0.014845892,0.01885042
901,Cox,Chadwyn,Chadwyn D Cox,ia,61,COX,CHADWYN,1,21,0.858820564,0.109212413,0.00896835,0.003421256,0.019577418
902,Manly,,C. M. Manly,ia,99,MANLY,,NA,2,0.912310338,0.050906875,0.00767459,0.004313087,0.02479511
903,Bannon,,Te ya T. O Bannon,ia,129,BANNON,,NA,5,0.974775903,0.001660051,0.012083977,0.001558799,0.00992127
904,Haas,Fredd,Fredd J. Haas,ia,153,HAAS,FREDD,1,8,0.921173506,0.006579014,0.038070325,0.011456505,0.02272065
905,Mulholland,Connor,Connor N. Mulholland,ia,187,MULHOLLAND,CONNOR,1,3,0.940436188,0.020194443,0.016367875,0.003077717,0.019923778
906,Valentine,Janece,Janece M. Valentine,ia,187,VALENTINE,JANECE,1,4,0.62985622,0.289511466,0.052797216,0.002265368,0.02556973
907,Woodward,Cammi,Cammi J. Woodward,mt,3,WOODWARD,CAMMI,1,3,0.542984537,0.051739631,0.056666791,0.007662197,0.340946844
908,West,Jock,Jock B. West,mt,3,WEST,JOCK,1,16,0.398182697,0.17367334,0.051289893,0.005279671,0.371574399
909,Hammond,Neel,Neel Hammond,mt,63,HAMMOND,NEEL,1,8,0.795901164,0.15731785,0.019483739,0.011147402,0.016149844
910,Palmer,Rexford,Rexford Palmer,mt,63,PALMER,REXFORD,2,17,0.766091243,0.182097627,0.025608286,0.009607863,0.01659498
911,Culver,Triel,Triel D. Culver,mt,111,CULVER,TRIEL,1,2,0.77452162,0.161969197,0.040845311,0.004709345,0.017954528
912,Garrett,Lary,Lary D. Garrett,wv,23,GARRETT,LARY,1,9,0.901425953,0.054252533,0.022697436,0.00132951,0.020294569
913,Akers,,Jb Akers,wv,39,AKERS,,NA,2,0.838692339,0.100885712,0.016631033,0.007653214,0.036137702
914,Chapman,Cammie,Cammie Lynn Chapman,wv,67,CHAPMAN,CAMMIE,1,15,0.954469517,0.00797382,0.01306423,0.002721486,0.021770946
915,Wolfe,Dorwin,Dorwin J Wolfe,wv,83,WOLFE,DORWIN,1,7,0.953944382,0.012664517,0.011481635,0.002588397,0.019321069
916,Connell,,O J Connell Jr.,ks,15,CONNELL,,NA,6,0.966995191,0.008664065,0.008163018,0.001483722,0.014694005
917,Connealy,,K.C. Connealy,ks,91,CONNEALY,,NA,1,0.981077798,0.00131878,0.014514406,0.003089016,0
918,Spiller,Klint,Klint Spiller,ks,143,SPILLER,KLINT,1,3,0.936159482,0.044619809,0.005831705,0.000322803,0.013066201
919,Neustrom,Patrik,Patrik W. Neustrom,ks,143,NEUSTROM,PATRIK,1,1,0.989930801,0,0.003059003,0,0.007010196
920,Hejtmanek,Danton,Danton C. Hejtmanek,ks,177,HEJTMANEK,DANTON,1,1,0.927816084,0,0.035325521,0.01034986,0.026508535
921,Mock,Terelle,Terelle A. Mock,ks,177,MOCK,TERELLE,1,1,0.824899314,0.101357638,0.030540654,0.014313839,0.028888555
922,Findlay,Delano,Delano S. Findlay,ut,35,FINDLAY,DELANO,1,2,0.753539275,0.174043196,0.04172453,0.01250611,0.018186888
923,Davis,Halston,Halston T. Davis,ut,35,DAVIS,HALSTON,1,82,0.510318118,0.425980847,0.028674412,0.007341097,0.027685525
924,Rencher,Jaryl,Jaryl L. Rencher,ut,35,RENCHER,JARYL,1,1,0.328521572,0.616347298,0.02556595,0.007909558,0.021655622
925,McMurray,Macoy,Macoy A McMurray,ut,35,MCMURRAY,MACOY,1,2,0.741274027,0.183881724,0.038837514,0.012627255,0.023379479
926,Gardner,Jamis,Jamis M. Gardner,ut,49,GARDNER,JAMIS,1,20,0.845262456,0.104233263,0.020534485,0.004431427,0.025538369
927,Coggins,Deven,Deven J. Coggins,ut,57,COGGINS,DEVEN,1,2,0.816009778,0.139360687,0.023631264,0.002769034,0.018229237
928,Benham,Gibson,Gibson Sean Benham,wy,25,BENHAM,GIBSON,2,1,0.923669828,0.038680023,0.014757912,0.004365912,0.018526325
929,Neill,Hampton,Hampton K. O Neill,wy,25,NEILL,HAMPTON,3,15,0.946402818,0.010550624,0.022256147,0.005670524,0.015119887
930,Young,Hampton,Hampton M. Young Jr.,wy,25,YOUNG,HAMPTON,3,38,0.674347074,0.258062496,0.019691819,0.024579145,0.023319467
931,Norman,Jakob,Jakob Zachary Norman,wy,25,NORMAN,JAKOB,1,8,0.696788899,0.26032689,0.018486934,0.005073102,0.019324175
932,Lonabaugh,,E E Lonabaugh,wy,33,LONABAUGH,,NA,2,0.977836784,0.001617994,0.018049537,0,0.002495686
933,Christofferson,Juline,G Juline Christofferson,wy,39,CHRISTOFFERSON,JULINE,1,1,0.938991591,0.001056011,0.04104638,0.007451303,0.011454717
934,Johnston,Regis,Regis A. Johnston,md,9,JOHNSTON,REGIS,3,16,0.963505149,0.00799183,0.006374541,0.001286621,0.020841859
935,Rodman,Yale,Yale David Rodman,md,31,RODMAN,YALE,3,2,0.836961344,0.035775383,0.067865774,0.025917049,0.033480449
936,Mathai,Sathyan,"Sathyan Mathai, Esq",md,31,MATHAI,SATHYAN,1,1,0.01762376,0.002540501,0.00704374,0.955171799,0.017620199
937,Brien,Egan,Egan P. O Brien,md,33,BRIEN,EGAN,1,17,0.480640897,0.044786019,0.204869939,0.011693717,0.258009428
938,Schlossberg,Goodwin,Goodwin Schlossberg,md,33,SCHLOSSBERG,GOODWIN,1,1,0.82401152,0.018840569,0.134115101,0.006334453,0.016698358
939,Hicks,GwenMarie,Gwen-Marie Davis Hicks,md,33,HICKS,GWENMARIE,1,11,0.217300733,0.696064032,0.046142386,0.003656658,0.036836192
940,Wiggs,Jamon,"Jamon Wiggs, Esq.",md,33,WIGGS,JAMON,1,2,0.288294851,0.611215384,0.063818405,0.005191987,0.031479373
941,Kaufman,Vail,Vail A Kaufman,md,33,KAUFMAN,VAIL,1,13,0.747092959,0.095134447,0.108237367,0.012154483,0.037380744
942,Templeton,Granville,Granville Templeton III,md,510,TEMPLETON,GRANVILLE,2,2,0.76721963,0.173951588,0.022323129,0.003048248,0.033457404
943,Shively,Orbie,Orbie R. Shively,md,510,SHIVELY,ORBIE,2,2,0.866659772,0.090034564,0.017187028,0.004135699,0.021982937
944,Snyder,Zebulan,Zebulan P. Snyder,md,510,SNYDER,ZEBULAN,1,15,0.888782366,0.05871702,0.018147903,0.004622155,0.029730556
945,Griffith,Vater,Vater Anita Griffith,md,510,GRIFFITH,VATER,1,12,0.620374097,0.327217584,0.018930293,0.003370912,0.030107115
946,Taylor,Kneeland,Kneeland Taylor,ak,20,TAYLOR,KNEELAND,1,55,0.538748474,0.406795557,0.028377891,0.007455917,0.018622161
947,Thomas,Conner,H Conner Thomas,ak,180,THOMAS,CONNER,2,45,0.411271854,0.112245416,0.01752471,0.012474287,0.446483733
948,Jaco,Geary,W. Geary Jaco,vt,7,JACO,GEARY,1,1,0.618131387,0.072757343,0.25881265,0.020818492,0.029480129
949,Griffin,Vaughan,"H. Vaughan Griffin Jr., Esq.",vt,21,GRIFFIN,VAUGHAN,1,19,0.760757205,0.193679018,0.019384747,0.002467598,0.023711433
950,Moore,Darrah,T. Darrah Moore,vt,27,MOORE,DARRAH,1,56,0.760850695,0.181468871,0.022110614,0.004027736,0.031542084
951,Tierney,Sternberg,N S Sternberg Tierney,nh,1,TIERNEY,STERNBERG,1,4,0.975850471,0.001112855,0.008191306,0.00328719,0.011558179
952,Lydon,Kalie,Kalie L. Lydon,nh,11,LYDON,KALIE,1,1,0.94037355,0.008067509,0.032994874,0.006445853,0.012118215
953,Beamer,Lonomaikalani,Lonomaikalani P. V. Beamer,hi,3,BEAMER,LONOMAIKALANI,1,1,0.835479251,0.097798908,0.024130384,0.01071913,0.031872328
954,Gillin,Malvin,Malvin J. Gillin Jr.,hi,3,GILLIN,MALVIN,1,1,0.851167493,0.083312914,0.01951054,0.019374751,0.026634301
955,Chu,Rai,Rai Saint Chu,hi,3,CHU,RAI,1,1,0.020088684,0.001593617,0.014107565,0.934069791,0.030140343
956,Corcoran,,T.j. Corcoran,nd,105,CORCORAN,,NA,4,0.951197193,0.000722724,0.027657268,0.002382867,0.018039948
